timeOpen,timeClose,date,timeHigh,timeLow,name,open,high,low,close,volume,marketCap,timestamp
2025-05-31T00:00:00.000Z,2025-05-31T23:59:59.999Z,2025/5/31,2025-05-31T21:38:00.000Z,2025-05-31T03:09:00.000Z,2781,103994.7152,104927.1046,103136.1135,104638.0913,38997843858,2.07943E+12,2025-05-31T23:59:59.999Z
2025-05-30T00:00:00.000Z,2025-05-30T23:59:59.999Z,2025/5/30,2025-05-30T05:41:00.000Z,2025-05-30T23:36:00.000Z,2781,105646.2077,106308.9485,103685.7883,103998.5722,57655287183,2.06661E+12,2025-05-30T23:59:59.999Z
2025-05-29T00:00:00.000Z,2025-05-29T23:59:59.999Z,2025/5/29,2025-05-29T11:23:00.000Z,2025-05-29T23:50:00.000Z,2781,107795.5706,108910.0492,105374.3999,105641.7607,56022752042,2.09938E+12,2025-05-29T23:59:59.999Z
2025-05-28T00:00:00.000Z,2025-05-28T23:59:59.999Z,2025/5/28,2025-05-28T01:01:00.000Z,2025-05-28T20:03:00.000Z,2781,108992.1725,109298.2886,106812.9299,107802.3245,49155377493,2.14203E+12,2025-05-28T23:59:59.999Z
2025-05-27T00:00:00.000Z,2025-05-27T23:59:59.999Z,2025/5/27,2025-05-27T13:21:00.000Z,2025-05-27T01:25:00.000Z,2781,109440.4095,110744.2078,107609.5567,108994.6422,57450176272,2.16576E+12,2025-05-27T23:59:59.999Z
2025-05-26T00:00:00.000Z,2025-05-26T23:59:59.999Z,2025/5/26,2025-05-26T15:42:00.000Z,2025-05-26T00:29:00.000Z,2781,109023.7783,110376.8815,108735.6419,109440.3684,45950461571,2.17462E+12,2025-05-26T23:59:59.999Z
2025-05-25T00:00:00.000Z,2025-05-25T23:59:59.999Z,2025/5/25,2025-05-25T23:02:00.000Z,2025-05-25T16:30:00.000Z,2781,107802.2721,109313.3015,106683.3725,109035.387,47518041841,2.16629E+12,2025-05-25T23:59:59.999Z
2025-05-24T00:00:00.000Z,2025-05-24T23:59:59.999Z,2025/5/24,2025-05-24T11:13:00.000Z,2025-05-24T00:06:00.000Z,2781,107278.507,109454.5212,106895.2911,107791.1575,45903627163,2.14197E+12,2025-05-24T23:59:59.999Z
2025-05-23T00:00:00.000Z,2025-05-23T23:59:59.999Z,2025/5/23,2025-05-23T00:14:00.000Z,2025-05-23T23:50:00.000Z,2781,111679.3563,111798.9039,106841.3012,107287.7967,67548133399,2.13151E+12,2025-05-23T23:59:59.999Z
2025-05-22T00:00:00.000Z,2025-05-22T23:59:59.999Z,2025/5/22,2025-05-22T17:35:00.000Z,2025-05-22T00:44:00.000Z,2781,109673.4919,111970.1681,109285.0724,111673.284,70157575642,2.2189E+12,2025-05-22T23:59:59.999Z
2025-05-21T00:00:00.000Z,2025-05-21T23:59:59.999Z,2025/5/21,2025-05-21T23:28:00.000Z,2025-05-21T09:51:00.000Z,2781,106791.3124,110724.4642,106127.2346,109678.0763,78086364051,2.17899E+12,2025-05-21T23:59:59.999Z
2025-05-20T00:00:00.000Z,2025-05-20T23:59:59.999Z,2025/5/20,2025-05-20T20:50:00.000Z,2025-05-20T13:49:00.000Z,2781,105605.4091,107307.1139,104206.5158,106791.0897,36515726122,2.12168E+12,2025-05-20T23:59:59.999Z
2025-05-19T00:00:00.000Z,2025-05-19T23:59:59.999Z,2025/5/19,2025-05-19T00:09:00.000Z,2025-05-19T06:40:00.000Z,2781,106430.5327,107068.7224,102112.6855,105606.1815,61761126647,2.09807E+12,2025-05-19T23:59:59.999Z
2025-05-18T00:00:00.000Z,2025-05-18T23:59:59.999Z,2025/5/18,2025-05-18T23:59:00.000Z,2025-05-18T00:02:00.000Z,2781,103186.9556,106597.1681,103142.6046,106446.0106,49887082058,2.11427E+12,2025-05-18T23:59:59.999Z
2025-05-17T00:00:00.000Z,2025-05-17T23:59:59.999Z,2025/5/17,2025-05-17T05:04:00.000Z,2025-05-17T01:48:00.000Z,2781,103489.2897,103716.949,102659.1771,103191.0855,37898552742,2.04984E+12,2025-05-17T23:59:59.999Z
2025-05-16T00:00:00.000Z,2025-05-16T23:59:59.999Z,2025/5/16,2025-05-16T16:06:00.000Z,2025-05-16T08:26:00.000Z,2781,103735.6551,104533.4867,103137.4787,103489.2917,44386499364,2.05584E+12,2025-05-16T23:59:59.999Z
2025-05-15T00:00:00.000Z,2025-05-15T23:59:59.999Z,2025/5/15,2025-05-15T17:46:00.000Z,2025-05-15T14:47:00.000Z,2781,103538.8257,104153.6199,101440.8125,103744.6436,50408241840,2.06073E+12,2025-05-15T23:59:59.999Z
2025-05-14T00:00:00.000Z,2025-05-14T23:59:59.999Z,2025/5/14,2025-05-14T13:36:00.000Z,2025-05-14T17:26:00.000Z,2781,104167.3256,104303.5652,102618.2974,103539.4171,45956071155,2.05678E+12,2025-05-14T23:59:59.999Z
2025-05-13T00:00:00.000Z,2025-05-13T23:59:59.999Z,2025/5/13,2025-05-13T19:49:00.000Z,2025-05-13T03:31:00.000Z,2781,102812.4925,104997.4206,101515.0929,104169.8129,52608876410,2.06922E+12,2025-05-13T23:59:59.999Z
2025-05-12T00:00:00.000Z,2025-05-12T23:59:59.999Z,2025/5/12,2025-05-12T07:06:00.000Z,2025-05-12T18:51:00.000Z,2781,104106.9627,105747.4521,100814.4026,102812.9533,63250475404,2.04226E+12,2025-05-12T23:59:59.999Z
2025-05-11T00:00:00.000Z,2025-05-11T23:59:59.999Z,2025/5/11,2025-05-11T00:08:00.000Z,2025-05-11T08:00:00.000Z,2781,104701.0726,104937.9892,103364.7398,104106.3555,46285517406,2.06793E+12,2025-05-11T23:59:59.999Z
2025-05-10T00:00:00.000Z,2025-05-10T23:59:59.999Z,2025/5/10,2025-05-10T23:26:00.000Z,2025-05-10T00:57:00.000Z,2781,102973.7142,104961.7644,102830.4816,104696.3273,42276713994,2.07968E+12,2025-05-10T23:59:59.999Z
2025-05-09T00:00:00.000Z,2025-05-09T23:59:59.999Z,2025/5/9,2025-05-09T07:50:00.000Z,2025-05-09T03:58:00.000Z,2781,103239.1252,104297.4909,102343.0903,102970.8497,58198593958,2.04533E+12,2025-05-09T23:59:59.999Z
2025-05-08T00:00:00.000Z,2025-05-08T23:59:59.999Z,2025/5/8,2025-05-08T21:22:00.000Z,2025-05-08T00:43:00.000Z,2781,97034.24689,103969.5365,96913.8724,103241.4608,69895404397,2.05055E+12,2025-05-08T23:59:59.999Z
2025-05-07T00:00:00.000Z,2025-05-07T23:59:59.999Z,2025/5/7,2025-05-07T01:09:00.000Z,2025-05-07T19:36:00.000Z,2781,96800.1945,97625.80534,95829.33207,97032.31897,76983822462,1.92726E+12,2025-05-07T23:59:59.999Z
2025-05-06T00:00:00.000Z,2025-05-06T23:59:59.999Z,2025/5/6,2025-05-06T23:52:00.000Z,2025-05-06T13:55:00.000Z,2781,94748.38629,96889.17623,93399.85891,96802.47756,26551275827,1.92256E+12,2025-05-06T23:59:59.999Z
2025-05-05T00:00:00.000Z,2025-05-05T23:59:59.999Z,2025/5/5,2025-05-05T22:43:00.000Z,2025-05-05T02:10:00.000Z,2781,94319.56287,95193.1862,93566.26384,94748.05148,25816260327,1.88177E+12,2025-05-05T23:59:59.999Z
2025-05-04T00:00:00.000Z,2025-05-04T23:59:59.999Z,2025/5/4,2025-05-04T02:07:00.000Z,2025-05-04T23:46:00.000Z,2781,95877.18418,96318.91982,94173.43224,94315.97489,18198688416,1.8732E+12,2025-05-04T23:59:59.999Z
2025-05-03T00:00:00.000Z,2025-05-03T23:59:59.999Z,2025/5/3,2025-05-03T00:06:00.000Z,2025-05-03T23:39:00.000Z,2781,96904.63474,96943.88182,95821.29092,95891.79803,15775154889,1.9041E+12,2025-05-03T23:59:59.999Z
2025-05-02T00:00:00.000Z,2025-05-02T23:59:59.999Z,2025/5/2,2025-05-02T15:02:00.000Z,2025-05-02T08:01:00.000Z,2781,96494.96919,97905.90081,96375.94611,96910.06858,26421924677,1.92445E+12,2025-05-02T23:59:59.999Z
2025-05-01T00:00:00.000Z,2025-05-01T23:59:59.999Z,2025/5/1,2025-05-01T15:16:00.000Z,2025-05-01T00:01:00.000Z,2781,94212.86288,97437.96388,94153.63388,96492.33905,32875889623,1.91627E+12,2025-05-01T23:59:59.999Z
2025-04-30T00:00:00.000Z,2025-04-30T23:59:59.999Z,2025/4/30,2025-04-30T11:56:00.000Z,2025-04-30T14:01:00.000Z,2781,94286.46866,95249.31941,92979.63963,94207.3113,28344679831,1.87091E+12,2025-04-30T23:59:59.999Z
2025-04-29T00:00:00.000Z,2025-04-29T23:59:59.999Z,2025/4/29,2025-04-29T16:46:00.000Z,2025-04-29T23:15:00.000Z,2781,94981.86138,95485.41282,93796.63422,94284.79163,25806129921,1.87233E+12,2025-04-29T23:59:59.999Z
2025-04-28T00:00:00.000Z,2025-04-28T23:59:59.999Z,2025/4/28,2025-04-28T12:48:00.000Z,2025-04-28T01:56:00.000Z,2781,93755.30361,95598.49224,92860.80822,94978.7525,32363449569,1.8861E+12,2025-04-28T23:59:59.999Z
2025-04-27T00:00:00.000Z,2025-04-27T23:59:59.999Z,2025/4/27,2025-04-27T01:18:00.000Z,2025-04-27T13:08:00.000Z,2781,94660.90921,95301.20638,93665.39736,93754.84674,18090367764,1.8617E+12,2025-04-27T23:59:59.999Z
2025-04-26T00:00:00.000Z,2025-04-26T23:59:59.999Z,2025/4/26,2025-04-26T01:37:00.000Z,2025-04-26T13:47:00.000Z,2781,94714.64637,95251.35944,93927.25063,94646.92811,17612825123,1.87964E+12,2025-04-26T23:59:59.999Z
2025-04-25T00:00:00.000Z,2025-04-25T23:59:59.999Z,2025/4/25,2025-04-25T14:57:00.000Z,2025-04-25T03:03:00.000Z,2781,93954.24982,95768.39247,92898.59309,94720.49802,40915232364,1.88079E+12,2025-04-25T23:59:59.999Z
2025-04-24T00:00:00.000Z,2025-04-24T23:59:59.999Z,2025/4/24,2025-04-24T23:35:00.000Z,2025-04-24T08:50:00.000Z,2781,93692.39595,94016.19443,91696.71411,93943.79342,31483175315,1.86553E+12,2025-04-24T23:59:59.999Z
2025-04-23T00:00:00.000Z,2025-04-23T23:59:59.999Z,2025/4/23,2025-04-23T13:39:00.000Z,2025-04-23T15:30:00.000Z,2781,93427.58581,94535.73207,91962.95818,93699.11318,41719568821,1.86029E+12,2025-04-23T23:59:59.999Z
2025-04-22T00:00:00.000Z,2025-04-22T23:59:59.999Z,2025/4/22,2025-04-22T23:39:00.000Z,2025-04-22T00:38:00.000Z,2781,87521.87117,93817.38379,87084.52941,93441.89335,55899038456,1.855E+12,2025-04-22T23:59:59.999Z
2025-04-21T00:00:00.000Z,2025-04-21T23:59:59.999Z,2025/4/21,2025-04-21T14:32:00.000Z,2025-04-21T00:05:00.000Z,2781,85171.54275,88460.09617,85143.83771,87518.90503,41396190190,1.7377E+12,2025-04-21T23:59:59.999Z
2025-04-20T00:00:00.000Z,2025-04-20T23:59:59.999Z,2025/4/20,2025-04-20T02:06:00.000Z,2025-04-20T11:32:00.000Z,2781,85066.06887,85306.38126,83976.84585,85174.30163,14664050812,1.691E+12,2025-04-20T23:59:59.999Z
2025-04-19T00:00:00.000Z,2025-04-19T23:59:59.999Z,2025/4/19,2025-04-19T15:33:00.000Z,2025-04-19T00:09:00.000Z,2781,84450.87033,85597.70374,84353.45782,85063.41306,15259300427,1.68887E+12,2025-04-19T23:59:59.999Z
2025-04-18T00:00:00.000Z,2025-04-18T23:59:59.999Z,2025/4/18,2025-04-18T01:31:00.000Z,2025-04-18T16:03:00.000Z,2781,84900.19136,85095.04944,84298.8832,84450.80708,12728372364,1.67662E+12,2025-04-18T23:59:59.999Z
2025-04-17T00:00:00.000Z,2025-04-17T23:59:59.999Z,2025/4/17,2025-04-17T18:26:00.000Z,2025-04-17T14:38:00.000Z,2781,84030.67293,85449.06766,83749.75302,84895.75144,21276866029,1.68551E+12,2025-04-17T23:59:59.999Z
2025-04-16T00:00:00.000Z,2025-04-16T23:59:59.999Z,2025/4/16,2025-04-16T17:23:00.000Z,2025-04-16T01:01:00.000Z,2781,83674.51108,85428.28241,83100.61793,84033.86542,29617804112,1.6682E+12,2025-04-16T23:59:59.999Z
2025-04-15T00:00:00.000Z,2025-04-15T23:59:59.999Z,2025/4/15,2025-04-15T13:53:00.000Z,2025-04-15T23:44:00.000Z,2781,84539.69278,86429.34848,83598.81842,83668.98933,28040322885,1.66109E+12,2025-04-15T23:59:59.999Z
2025-04-14T00:00:00.000Z,2025-04-14T23:59:59.999Z,2025/4/14,2025-04-14T14:54:00.000Z,2025-04-14T00:00:00.000Z,2781,83694.52327,85784.99773,83690.63695,84542.39128,34090769777,1.67823E+12,2025-04-14T23:59:59.999Z
2025-04-13T00:00:00.000Z,2025-04-13T23:59:59.999Z,2025/4/13,2025-04-13T01:32:00.000Z,2025-04-13T21:09:00.000Z,2781,85279.47053,86015.18585,83027.00426,83684.97903,28796984817,1.66141E+12,2025-04-13T23:59:59.999Z
2025-04-12T00:00:00.000Z,2025-04-12T23:59:59.999Z,2025/4/12,2025-04-12T20:45:00.000Z,2025-04-12T03:01:00.000Z,2781,83404.51699,85856.18787,82769.37789,85287.11328,24258059104,1.69283E+12,2025-04-12T23:59:59.999Z
2025-04-11T00:00:00.000Z,2025-04-11T23:59:59.999Z,2025/4/11,2025-04-11T21:24:00.000Z,2025-04-11T01:00:00.000Z,2781,79625.04814,84247.47365,78936.32057,83404.83981,41656778779,1.65558E+12,2025-04-11T23:59:59.999Z
2025-04-10T00:00:00.000Z,2025-04-10T23:59:59.999Z,2025/4/10,2025-04-10T00:08:00.000Z,2025-04-10T16:03:00.000Z,2781,82565.97445,82700.93206,78456.13375,79626.14144,44718000633,1.58052E+12,2025-04-10T23:59:59.999Z
2025-04-09T00:00:00.000Z,2025-04-09T23:59:59.999Z,2025/4/9,2025-04-09T21:25:00.000Z,2025-04-09T01:30:00.000Z,2781,76273.5617,83541.00025,74589.67271,82573.95113,84213627038,1.63886E+12,2025-04-09T23:59:59.999Z
2025-04-08T00:00:00.000Z,2025-04-08T23:59:59.999Z,2025/4/8,2025-04-08T02:14:00.000Z,2025-04-08T22:40:00.000Z,2781,79218.47386,80823.88812,76198.02228,76271.95017,48314590749,1.51393E+12,2025-04-08T23:59:59.999Z
2025-04-07T00:00:00.000Z,2025-04-07T23:59:59.999Z,2025/4/7,2025-04-07T14:19:00.000Z,2025-04-07T07:05:00.000Z,2781,78221.33313,81119.06442,74436.6791,79235.33313,91262424987,1.57234E+12,2025-04-07T23:59:59.999Z
2025-04-06T00:00:00.000Z,2025-04-06T23:59:59.999Z,2025/4/6,2025-04-06T01:32:00.000Z,2025-04-06T23:22:00.000Z,2781,83504.50712,83704.71779,77097.7409,78214.48082,36294853736,1.55251E+12,2025-04-06T23:59:59.999Z
2025-04-05T00:00:00.000Z,2025-04-05T23:59:59.999Z,2025/4/5,2025-04-05T01:29:00.000Z,2025-04-05T15:46:00.000Z,2781,83844.69966,84207.01936,82377.73586,83504.80017,14380803631,1.65734E+12,2025-04-05T23:59:59.999Z
2025-04-04T00:00:00.000Z,2025-04-04T23:59:59.999Z,2025/4/4,2025-04-04T09:58:00.000Z,2025-04-04T11:31:00.000Z,2781,83100.24744,84696.14626,81670.74877,83843.80487,45157640207,1.66404E+12,2025-04-04T23:59:59.999Z
2025-04-03T00:00:00.000Z,2025-04-03T23:59:59.999Z,2025/4/3,2025-04-03T01:52:00.000Z,2025-04-03T15:09:00.000Z,2781,82487.47642,83909.29837,81282.09786,83102.82821,36852112080,1.64922E+12,2025-04-03T23:59:59.999Z
2025-04-02T00:00:00.000Z,2025-04-02T23:59:59.999Z,2025/4/2,2025-04-02T20:18:00.000Z,2025-04-02T23:04:00.000Z,2781,85180.61304,88466.95696,82343.53911,82485.70837,47584398470,1.63702E+12,2025-04-02T23:59:59.999Z
2025-04-01T00:00:00.000Z,2025-04-01T23:59:59.999Z,2025/4/1,2025-04-01T16:03:00.000Z,2025-04-01T00:17:00.000Z,2781,82551.91873,85487.36612,82429.36199,85169.16959,28175650319,1.69042E+12,2025-04-01T23:59:59.999Z
2025-03-31T00:00:00.000Z,2025-03-31T23:59:59.999Z,2025/3/31,2025-03-31T15:26:00.000Z,2025-03-31T00:46:00.000Z,2781,82336.05935,83870.12135,81293.88856,82548.91096,29004228247,1.63822E+12,2025-03-31T23:59:59.999Z
2025-03-30T00:00:00.000Z,2025-03-30T23:59:59.999Z,2025/3/30,2025-03-30T10:12:00.000Z,2025-03-30T22:10:00.000Z,2781,82596.98323,83505.00293,81573.24707,82334.5227,14763760943,1.6339E+12,2025-03-30T23:59:59.999Z
2025-03-29T00:00:00.000Z,2025-03-29T23:59:59.999Z,2025/3/29,2025-03-29T00:38:00.000Z,2025-03-29T17:18:00.000Z,2781,84352.07273,84567.33215,81634.14131,82597.58434,16969396135,1.63904E+12,2025-03-29T23:59:59.999Z
2025-03-28T00:00:00.000Z,2025-03-28T23:59:59.999Z,2025/3/28,2025-03-28T01:45:00.000Z,2025-03-28T17:14:00.000Z,2781,87185.23468,87489.86121,83557.64246,84353.15101,34198619509,1.67383E+12,2025-03-28T23:59:59.999Z
2025-03-27T00:00:00.000Z,2025-03-27T23:59:59.999Z,2025/3/27,2025-03-27T02:50:00.000Z,2025-03-27T13:41:00.000Z,2781,86896.25488,87786.7234,85837.9337,87177.10211,24413471941,1.73001E+12,2025-03-27T23:59:59.999Z
2025-03-26T00:00:00.000Z,2025-03-26T23:59:59.999Z,2025/3/26,2025-03-26T07:48:00.000Z,2025-03-26T19:17:00.000Z,2781,87460.23667,88292.1569,85861.45539,86900.88554,26704046038,1.72424E+12,2025-03-26T23:59:59.999Z
2025-03-25T00:00:00.000Z,2025-03-25T23:59:59.999Z,2025/3/25,2025-03-25T20:12:00.000Z,2025-03-25T04:04:00.000Z,2781,87512.81944,88542.39467,86346.0789,87471.70305,30005840049,1.73538E+12,2025-03-25T23:59:59.999Z
2025-03-24T00:00:00.000Z,2025-03-24T23:59:59.999Z,2025/3/24,2025-03-24T14:22:00.000Z,2025-03-24T02:01:00.000Z,2781,86070.92811,88758.72964,85541.1981,87498.91241,34582604933,1.7365E+12,2025-03-24T23:59:59.999Z
2025-03-23T00:00:00.000Z,2025-03-23T23:59:59.999Z,2025/3/23,2025-03-23T23:59:00.000Z,2025-03-23T00:02:00.000Z,2781,83831.90051,86094.78008,83794.91066,86054.37186,12594615537,1.70732E+12,2025-03-23T23:59:59.999Z
2025-03-22T00:00:00.000Z,2025-03-22T23:59:59.999Z,2025/3/22,2025-03-22T09:45:00.000Z,2025-03-22T23:38:00.000Z,2781,84046.25829,84513.87242,83674.78082,83832.48755,9863214091,1.66323E+12,2025-03-22T23:59:59.999Z
2025-03-21T00:00:00.000Z,2025-03-21T23:59:59.999Z,2025/3/21,2025-03-21T02:03:00.000Z,2025-03-21T13:37:00.000Z,2781,84164.54252,84782.27165,83171.06972,84043.24518,19030452299,1.66734E+12,2025-03-21T23:59:59.999Z
2025-03-20T00:00:00.000Z,2025-03-20T23:59:59.999Z,2025/3/20,2025-03-20T00:11:00.000Z,2025-03-20T16:53:00.000Z,2781,86872.9533,87443.26777,83647.19397,84167.1934,29028988961,1.66979E+12,2025-03-20T23:59:59.999Z
2025-03-19T00:00:00.000Z,2025-03-19T23:59:59.999Z,2025/3/19,2025-03-19T23:44:00.000Z,2025-03-19T02:07:00.000Z,2781,82718.80426,87021.18581,82569.72689,86854.22596,34931960257,1.72349E+12,2025-03-19T23:59:59.999Z
2025-03-18T00:00:00.000Z,2025-03-18T23:59:59.999Z,2025/3/18,2025-03-18T00:00:00.000Z,2025-03-18T13:59:00.000Z,2781,84075.71567,84075.71567,81179.99016,82718.50232,24095774594,1.64103E+12,2025-03-18T23:59:59.999Z
2025-03-17T00:00:00.000Z,2025-03-17T23:59:59.999Z,2025/3/17,2025-03-17T19:48:00.000Z,2025-03-17T14:12:00.000Z,2781,82576.33428,84725.32598,82492.15254,84075.6887,25092785558,1.66792E+12,2025-03-17T23:59:59.999Z
2025-03-16T00:00:00.000Z,2025-03-16T23:59:59.999Z,2025/3/16,2025-03-16T16:10:00.000Z,2025-03-16T23:10:00.000Z,2781,84333.32162,85051.59849,82017.90471,82579.69089,21330270174,1.63814E+12,2025-03-16T23:59:59.999Z
2025-03-15T00:00:00.000Z,2025-03-15T23:59:59.999Z,2025/3/15,2025-03-15T03:35:00.000Z,2025-03-15T08:19:00.000Z,2781,83968.40595,84672.67216,83639.59486,84343.10846,13650491277,1.67315E+12,2025-03-15T23:59:59.999Z
2025-03-14T00:00:00.000Z,2025-03-14T23:59:59.999Z,2025/3/14,2025-03-14T15:43:00.000Z,2025-03-14T00:11:00.000Z,2781,81066.99338,85263.28986,80797.56259,83969.09972,29588112414,1.66586E+12,2025-03-14T23:59:59.999Z
2025-03-13T00:00:00.000Z,2025-03-13T23:59:59.999Z,2025/3/13,2025-03-13T02:08:00.000Z,2025-03-13T17:50:00.000Z,2781,83724.9196,84301.69191,79931.85324,81066.70137,31412940153,1.60873E+12,2025-03-13T23:59:59.999Z
2025-03-12T00:00:00.000Z,2025-03-12T23:59:59.999Z,2025/3/12,2025-03-12T12:31:00.000Z,2025-03-12T15:09:00.000Z,2781,82857.37837,84358.57746,80635.24923,83722.36195,40353484454,1.66012E+12,2025-03-12T23:59:59.999Z
2025-03-11T00:00:00.000Z,2025-03-11T23:59:59.999Z,2025/3/11,2025-03-11T19:09:00.000Z,2025-03-11T00:52:00.000Z,2781,78523.87154,83577.75596,76624.25249,82862.20818,54702837196,1.64325E+12,2025-03-11T23:59:59.999Z
2025-03-10T00:00:00.000Z,2025-03-10T23:59:59.999Z,2025/3/10,2025-03-10T09:25:00.000Z,2025-03-10T19:05:00.000Z,2781,80597.14978,83955.92625,77420.59219,78532.00181,54061099422,1.55844E+12,2025-03-10T23:59:59.999Z
2025-03-09T00:00:00.000Z,2025-03-09T23:59:59.999Z,2025/3/9,2025-03-09T01:02:00.000Z,2025-03-09T23:08:00.000Z,2781,86154.30589,86471.13016,80052.48698,80601.04131,30899345977,1.5982E+12,2025-03-09T23:59:59.999Z
2025-03-08T00:00:00.000Z,2025-03-08T23:59:59.999Z,2025/3/8,2025-03-08T00:54:00.000Z,2025-03-08T01:35:00.000Z,2781,86742.65299,86847.26759,85247.48419,86154.59321,18206118081,1.70877E+12,2025-03-08T23:59:59.999Z
2025-03-07T00:00:00.000Z,2025-03-07T23:59:59.999Z,2025/3/7,2025-03-07T00:14:00.000Z,2025-03-07T00:56:00.000Z,2781,89963.283,91191.04963,84717.67967,86742.67562,65945677657,1.72028E+12,2025-03-07T23:59:59.999Z
2025-03-06T00:00:00.000Z,2025-03-06T23:59:59.999Z,2025/3/6,2025-03-06T05:59:00.000Z,2025-03-06T19:32:00.000Z,2781,90622.36116,92804.93983,87852.13848,89961.72724,47749810486,1.7838E+12,2025-03-06T23:59:59.999Z
2025-03-05T00:00:00.000Z,2025-03-05T23:59:59.999Z,2025/3/5,2025-03-05T23:46:00.000Z,2025-03-05T00:44:00.000Z,2781,87222.95487,90998.23954,86379.77304,90623.56184,50498988027,1.79729E+12,2025-03-05T23:59:59.999Z
2025-03-04T00:00:00.000Z,2025-03-04T23:59:59.999Z,2025/3/4,2025-03-04T21:30:00.000Z,2025-03-04T15:22:00.000Z,2781,86064.06666,88911.27408,81529.23983,87222.19221,68095241474,1.72967E+12,2025-03-04T23:59:59.999Z
2025-03-03T00:00:00.000Z,2025-03-03T23:59:59.999Z,2025/3/3,2025-03-03T00:02:00.000Z,2025-03-03T22:00:00.000Z,2781,94248.4215,94429.74782,85081.30493,86065.66833,70072228536,1.70712E+12,2025-03-03T23:59:59.999Z
2025-03-02T00:00:00.000Z,2025-03-02T23:59:59.999Z,2025/3/2,2025-03-02T17:48:00.000Z,2025-03-02T14:50:00.000Z,2781,86036.25755,95043.4352,85040.21116,94248.35053,58398341092,1.86932E+12,2025-03-02T23:59:59.999Z
2025-03-01T00:00:00.000Z,2025-03-01T23:59:59.999Z,2025/3/1,2025-03-01T04:44:00.000Z,2025-03-01T00:58:00.000Z,2781,84373.86437,86522.30235,83794.23249,86031.9124,29190628396,1.70616E+12,2025-03-01T23:59:59.999Z
2025-02-28T00:00:00.000Z,2025-02-28T23:59:59.999Z,2025/2/28,2025-02-28T18:53:00.000Z,2025-02-28T08:47:00.000Z,2781,84705.62848,85036.32223,78248.9161,84373.01033,83610570576,1.67322E+12,2025-02-28T23:59:59.999Z
2025-02-27T00:00:00.000Z,2025-02-27T23:59:59.999Z,2025/2/27,2025-02-27T11:00:00.000Z,2025-02-27T21:08:00.000Z,2781,84076.86191,87000.78102,83144.95905,84704.22458,52659591954,1.67972E+12,2025-02-27T23:59:59.999Z
2025-02-26T00:00:00.000Z,2025-02-26T23:59:59.999Z,2025/2/26,2025-02-26T03:20:00.000Z,2025-02-26T20:21:00.000Z,2781,88638.89346,89286.25192,82131.90136,84347.01972,64597492134,1.67114E+12,2025-02-26T23:59:59.999Z
2025-02-25T00:00:00.000Z,2025-02-25T23:59:59.999Z,2025/2/25,2025-02-25T03:52:00.000Z,2025-02-25T15:37:00.000Z,2781,91437.11401,92511.07974,86008.23491,88736.17344,92139104128,1.75958E+12,2025-02-25T23:59:59.999Z
2025-02-24T00:00:00.000Z,2025-02-24T23:59:59.999Z,2025/2/24,2025-02-24T00:12:00.000Z,2025-02-24T23:59:00.000Z,2781,96277.96379,96503.45443,91371.74071,91418.17367,44046480529,1.81284E+12,2025-02-24T23:59:59.999Z
2025-02-23T00:00:00.000Z,2025-02-23T23:59:59.999Z,2025/2/23,2025-02-23T01:00:00.000Z,2025-02-23T17:33:00.000Z,2781,96577.80308,96671.87429,95270.45281,96273.91975,16999478976,1.90902E+12,2025-02-23T23:59:59.999Z
2025-02-22T00:00:00.000Z,2025-02-22T23:59:59.999Z,2025/2/22,2025-02-22T12:56:00.000Z,2025-02-22T00:33:00.000Z,2781,96134.20191,96950.15938,95765.34039,96577.76155,18353824477,1.91493E+12,2025-02-22T23:59:59.999Z
2025-02-21T00:00:00.000Z,2025-02-21T23:59:59.999Z,2025/2/21,2025-02-21T13:48:00.000Z,2025-02-21T21:00:00.000Z,2781,98340.67004,99497.96677,94852.95862,96125.54405,49608706470,1.90583E+12,2025-02-21T23:59:59.999Z
2025-02-20T00:00:00.000Z,2025-02-20T23:59:59.999Z,2025/2/20,2025-02-20T20:26:00.000Z,2025-02-20T00:39:00.000Z,2781,96632.67919,98767.19374,96442.67072,98333.93783,31668022771,1.9498E+12,2025-02-20T23:59:59.999Z
2025-02-19T00:00:00.000Z,2025-02-19T23:59:59.999Z,2025/2/19,2025-02-19T23:03:00.000Z,2025-02-19T01:27:00.000Z,2781,95532.53215,96855.59722,95011.96908,96635.61321,28990872862,1.9159E+12,2025-02-19T23:59:59.999Z
2025-02-18T00:00:00.000Z,2025-02-18T23:59:59.999Z,2025/2/18,2025-02-18T14:26:00.000Z,2025-02-18T19:14:00.000Z,2781,95773.81624,96695.3784,93388.8322,95539.5436,37325720482,1.89409E+12,2025-02-18T23:59:59.999Z
2025-02-17T00:00:00.000Z,2025-02-17T23:59:59.999Z,2025/2/17,2025-02-17T14:18:00.000Z,2025-02-17T19:21:00.000Z,2781,96179.00457,97032.23825,95243.54319,95773.38419,27336550690,1.89879E+12,2025-02-17T23:59:59.999Z
2025-02-16T00:00:00.000Z,2025-02-16T23:59:59.999Z,2025/2/16,2025-02-16T00:39:00.000Z,2025-02-16T23:43:00.000Z,2781,97580.49058,97725.5973,96060.97975,96175.03204,16536755396,1.90678E+12,2025-02-16T23:59:59.999Z
2025-02-15T00:00:00.000Z,2025-02-15T23:59:59.999Z,2025/2/15,2025-02-15T03:13:00.000Z,2025-02-15T00:33:00.000Z,2781,97508.38277,97975.03725,97240.19712,97580.34938,17047266288,1.93452E+12,2025-02-15T23:59:59.999Z
2025-02-14T00:00:00.000Z,2025-02-14T23:59:59.999Z,2025/2/14,2025-02-14T17:58:00.000Z,2025-02-14T15:19:00.000Z,2781,96623.37087,98819.46896,96342.80603,97508.9699,32697987277,1.93295E+12,2025-02-14T23:59:59.999Z
2025-02-13T00:00:00.000Z,2025-02-13T23:59:59.999Z,2025/2/13,2025-02-13T01:55:00.000Z,2025-02-13T16:58:00.000Z,2781,97888.74649,98111.08742,95269.7079,96623.86901,37147280860,1.91545E+12,2025-02-13T23:59:59.999Z
2025-02-12T00:00:00.000Z,2025-02-12T23:59:59.999Z,2025/2/12,2025-02-12T22:40:00.000Z,2025-02-12T13:42:00.000Z,2781,95745.69446,98151.02693,94101.20333,97885.86306,49340445530,1.94024E+12,2025-02-12T23:59:59.999Z
2025-02-11T00:00:00.000Z,2025-02-11T23:59:59.999Z,2025/2/11,2025-02-11T05:57:00.000Z,2025-02-11T19:42:00.000Z,2781,97438.13121,98492.90128,94875.03885,95747.43113,37488783272,1.89796E+12,2025-02-11T23:59:59.999Z
2025-02-10T00:00:00.000Z,2025-02-10T23:59:59.999Z,2025/2/10,2025-02-10T14:01:00.000Z,2025-02-10T01:46:00.000Z,2781,96499.46209,98333.22007,95320.84203,97437.55726,40078962391,1.93174E+12,2025-02-10T23:59:59.999Z
2025-02-09T00:00:00.000Z,2025-02-09T23:59:59.999Z,2025/2/9,2025-02-09T04:01:00.000Z,2025-02-09T21:54:00.000Z,2781,96481.31526,97325.28204,94745.26123,96500.09479,27732901800,1.91283E+12,2025-02-09T23:59:59.999Z
2025-02-08T00:00:00.000Z,2025-02-08T23:59:59.999Z,2025/2/8,2025-02-08T03:09:00.000Z,2025-02-08T15:31:00.000Z,2781,96533.26084,96877.80734,95702.49237,96482.44987,22447526395,1.91243E+12,2025-02-08T23:59:59.999Z
2025-02-07T00:00:00.000Z,2025-02-07T23:59:59.999Z,2025/2/7,2025-02-07T14:51:00.000Z,2025-02-07T22:34:00.000Z,2781,96581.31729,100154.1433,95653.88665,96529.08249,55741290456,1.91341E+12,2025-02-07T23:59:59.999Z
2025-02-06T00:00:00.000Z,2025-02-06T23:59:59.999Z,2025/2/6,2025-02-06T11:51:00.000Z,2025-02-06T19:50:00.000Z,2781,96610.64023,99168.60601,95707.34992,96593.30033,45302471947,1.91435E+12,2025-02-06T23:59:59.999Z
2025-02-05T00:00:00.000Z,2025-02-05T23:59:59.999Z,2025/2/5,2025-02-05T14:43:00.000Z,2025-02-05T23:34:00.000Z,2781,97878.00975,99113.20783,96174.82556,96615.44454,49125911241,1.91501E+12,2025-02-05T23:59:59.999Z
2025-02-04T00:00:00.000Z,2025-02-04T23:59:59.999Z,2025/2/4,2025-02-04T00:18:00.000Z,2025-02-04T22:14:00.000Z,2781,101398.717,101745.6133,96208.10655,97871.81783,73002130211,1.93925E+12,2025-02-04T23:59:59.999Z
2025-02-03T00:00:00.000Z,2025-02-03T23:59:59.999Z,2025/2/3,2025-02-03T22:10:00.000Z,2025-02-03T02:09:00.000Z,2781,97681.10326,102514.1747,91242.8926,101405.4231,1.15401E+11,2.00957E+12,2025-02-03T23:59:59.999Z
2025-02-02T00:00:00.000Z,2025-02-02T23:59:59.999Z,2025/2/2,2025-02-02T01:22:00.000Z,2025-02-02T22:42:00.000Z,2781,100661.5364,101430.6658,96216.07781,97688.9793,63091816853,1.93575E+12,2025-02-02T23:59:59.999Z
2025-02-01T00:00:00.000Z,2025-02-01T23:59:59.999Z,2025/2/1,2025-02-01T01:46:00.000Z,2025-02-01T23:25:00.000Z,2781,102402.7981,102755.726,100297.7092,100655.9057,27757944848,1.99494E+12,2025-02-01T23:59:59.999Z
2025-01-31T00:00:00.000Z,2025-01-31T23:59:59.999Z,2025/1/31,2025-01-31T15:56:00.000Z,2025-01-31T21:32:00.000Z,2781,104737.5622,106026.3503,101543.8829,102405.0271,45732764360,2.02943E+12,2025-01-31T23:59:59.999Z
2025-01-30T00:00:00.000Z,2025-01-30T23:59:59.999Z,2025/1/30,2025-01-30T15:13:00.000Z,2025-01-30T00:32:00.000Z,2781,103709.3388,106418.7667,103321.6451,104735.3028,41915744521,2.07565E+12,2025-01-30T23:59:59.999Z
2025-01-29T00:00:00.000Z,2025-01-29T23:59:59.999Z,2025/1/29,2025-01-29T20:34:00.000Z,2025-01-29T00:01:00.000Z,2781,101317.5273,104750.8072,101283.8227,103703.2112,47432049818,2.05518E+12,2025-01-29T23:59:59.999Z
2025-01-28T00:00:00.000Z,2025-01-28T23:59:59.999Z,2025/1/28,2025-01-28T15:32:00.000Z,2025-01-28T22:01:00.000Z,2781,102095.4176,103730.8211,100238.1881,101332.4762,47180685494,2.00752E+12,2025-01-28T23:59:59.999Z
2025-01-27T00:00:00.000Z,2025-01-27T23:59:59.999Z,2025/1/27,2025-01-27T00:11:00.000Z,2025-01-27T07:31:00.000Z,2781,102680.3036,103214.1105,97795.9361,102087.6913,89006608428,2.02305E+12,2025-01-27T23:59:59.999Z
2025-01-26T00:00:00.000Z,2025-01-26T23:59:59.999Z,2025/1/26,2025-01-26T04:27:00.000Z,2025-01-26T23:56:00.000Z,2781,104713.2132,105438.6445,102507.7117,102682.497,22543395879,2.03471E+12,2025-01-26T23:59:59.999Z
2025-01-25T00:00:00.000Z,2025-01-25T23:59:59.999Z,2025/1/25,2025-01-25T18:33:00.000Z,2025-01-25T10:10:00.000Z,2781,104824.0337,105243.7906,104120.3768,104714.6454,23888996502,2.07456E+12,2025-01-25T23:59:59.999Z
2025-01-24T00:00:00.000Z,2025-01-24T23:59:59.999Z,2025/1/24,2025-01-24T18:29:00.000Z,2025-01-24T03:26:00.000Z,2781,103965.6697,107098.5452,102772.1242,104819.4845,52388229265,2.07696E+12,2025-01-24T23:59:59.999Z
2025-01-23T00:00:00.000Z,2025-01-23T23:59:59.999Z,2025/1/23,2025-01-23T16:16:00.000Z,2025-01-23T10:45:00.000Z,2781,103657.6746,106820.3288,101257.8032,103960.1716,1.04105E+11,2.05982E+12,2025-01-23T23:59:59.999Z
2025-01-22T00:00:00.000Z,2025-01-22T23:59:59.999Z,2025/1/22,2025-01-22T01:07:00.000Z,2025-01-22T16:46:00.000Z,2781,106136.3833,106294.3401,103360.2693,103653.0692,53878181052,2.05385E+12,2025-01-22T23:59:59.999Z
2025-01-21T00:00:00.000Z,2025-01-21T23:59:59.999Z,2025/1/21,2025-01-21T18:41:00.000Z,2025-01-21T01:31:00.000Z,2781,102052.5753,107180.9249,100103.9558,106146.263,88733878242,2.10292E+12,2025-01-21T23:59:59.999Z
2025-01-20T00:00:00.000Z,2025-01-20T23:59:59.999Z,2025/1/20,2025-01-20T06:56:00.000Z,2025-01-20T00:42:00.000Z,2781,101083.7535,109114.8848,99471.35894,102016.6623,1.2628E+11,2.02196E+12,2025-01-20T23:59:59.999Z
2025-01-19T00:00:00.000Z,2025-01-19T23:59:59.999Z,2025/1/19,2025-01-19T21:00:00.000Z,2025-01-19T23:41:00.000Z,2781,104411.2868,106299.7985,99570.53118,101089.6065,76789928525,2.00272E+12,2025-01-19T23:59:59.999Z
2025-01-18T00:00:00.000Z,2025-01-18T23:59:59.999Z,2025/1/18,2025-01-18T15:55:00.000Z,2025-01-18T08:11:00.000Z,2781,104124.9546,104913.2062,102226.6203,104408.0673,50445655726,2.06858E+12,2025-01-18T23:59:59.999Z
2025-01-17T00:00:00.000Z,2025-01-17T23:59:59.999Z,2025/1/17,2025-01-17T20:01:00.000Z,2025-01-17T00:04:00.000Z,2781,100025.7651,105884.2304,99948.90506,104462.0426,71888972663,2.06934E+12,2025-01-17T23:59:59.999Z
2025-01-16T00:00:00.000Z,2025-01-16T23:59:59.999Z,2025/1/16,2025-01-16T00:03:00.000Z,2025-01-16T15:03:00.000Z,2781,100505.2987,100781.5891,97364.44308,99756.9091,54103781805,1.97594E+12,2025-01-16T23:59:59.999Z
2025-01-15T00:00:00.000Z,2025-01-15T23:59:59.999Z,2025/1/15,2025-01-15T20:22:00.000Z,2025-01-15T00:05:00.000Z,2781,96534.04597,100697.2344,96501.64439,100504.4934,57805923627,1.99111E+12,2025-01-15T23:59:59.999Z
2025-01-14T00:00:00.000Z,2025-01-14T23:59:59.999Z,2025/1/14,2025-01-14T09:54:00.000Z,2025-01-14T00:46:00.000Z,2781,94519.00714,97352.66475,94322.1545,96534.04421,53769675818,1.91247E+12,2025-01-14T23:59:59.999Z
2025-01-13T00:00:00.000Z,2025-01-13T23:59:59.999Z,2025/1/13,2025-01-13T00:38:00.000Z,2025-01-13T14:37:00.000Z,2781,94488.89217,95837.00023,89260.10019,94516.52563,72978998252,1.87238E+12,2025-01-13T23:59:59.999Z
2025-01-12T00:00:00.000Z,2025-01-12T23:59:59.999Z,2025/1/12,2025-01-12T15:23:00.000Z,2025-01-12T09:50:00.000Z,2781,94565.72583,95367.5363,93712.51167,94488.44106,20885130965,1.87177E+12,2025-01-12T23:59:59.999Z
2025-01-11T00:00:00.000Z,2025-01-11T23:59:59.999Z,2025/1/11,2025-01-11T21:56:00.000Z,2025-01-11T04:38:00.000Z,2781,94700.83805,94977.68766,93840.04352,94566.59368,18860894100,1.87324E+12,2025-01-11T23:59:59.999Z
2025-01-10T00:00:00.000Z,2025-01-10T23:59:59.999Z,2025/1/10,2025-01-10T17:59:00.000Z,2025-01-10T15:15:00.000Z,2781,92494.49151,95770.6116,92250.09274,94701.45646,62058693684,1.87589E+12,2025-01-10T23:59:59.999Z
2025-01-09T00:00:00.000Z,2025-01-09T23:59:59.999Z,2025/1/9,2025-01-09T01:25:00.000Z,2025-01-09T20:23:00.000Z,2781,95043.48764,95349.72146,91220.84226,92484.03697,62777261693,1.83217E+12,2025-01-09T23:59:59.999Z
2025-01-08T00:00:00.000Z,2025-01-08T23:59:59.999Z,2025/1/8,2025-01-08T01:00:00.000Z,2025-01-08T17:32:00.000Z,2781,96924.16497,97258.32175,92525.84456,95043.52346,63875859171,1.88257E+12,2025-01-08T23:59:59.999Z
2025-01-07T00:00:00.000Z,2025-01-07T23:59:59.999Z,2025/1/7,2025-01-07T00:37:00.000Z,2025-01-07T20:25:00.000Z,2781,102248.8525,102712.4857,96132.8747,96922.70528,58685738547,1.91979E+12,2025-01-07T23:59:59.999Z
2025-01-06T00:00:00.000Z,2025-01-06T23:59:59.999Z,2025/1/6,2025-01-06T16:30:00.000Z,2025-01-06T01:22:00.000Z,2781,98314.95696,102482.8739,97926.14852,102078.0856,51823432705,2.02181E+12,2025-01-06T23:59:59.999Z
2025-01-05T00:00:00.000Z,2025-01-05T23:59:59.999Z,2025/1/5,2025-01-05T23:03:00.000Z,2025-01-05T14:21:00.000Z,2781,98233.90578,98813.30855,97291.76461,98314.95944,20525254825,1.94719E+12,2025-01-05T23:59:59.999Z
2025-01-04T00:00:00.000Z,2025-01-04T23:59:59.999Z,2025/1/4,2025-01-04T21:06:00.000Z,2025-01-04T15:51:00.000Z,2781,98106.99355,98734.42818,97562.97597,98236.22909,22342608078,1.94565E+12,2025-01-04T23:59:59.999Z
2025-01-03T00:00:00.000Z,2025-01-03T23:59:59.999Z,2025/1/3,2025-01-03T19:22:00.000Z,2025-01-03T08:37:00.000Z,2781,96881.72902,98956.91704,96034.61406,98107.42876,35611391163,1.94322E+12,2025-01-03T23:59:59.999Z
2025-01-02T00:00:00.000Z,2025-01-02T23:59:59.999Z,2025/1/2,2025-01-02T20:25:00.000Z,2025-01-02T00:19:00.000Z,2781,94416.28655,97739.81684,94201.57042,96886.87827,46009564411,1.91873E+12,2025-01-02T23:59:59.999Z
2025-01-01T00:00:00.000Z,2025-01-01T23:59:59.999Z,2025/1/1,2025-01-01T21:25:00.000Z,2025-01-01T09:28:00.000Z,2781,93425.10214,94929.86481,92788.12788,94419.75751,24519888919,1.86985E+12,2025-01-01T23:59:59.999Z
2024-12-31T00:00:00.000Z,2024-12-31T23:59:59.999Z,2024/12/31,2024-12-31T14:35:00.000Z,2024-12-31T01:32:00.000Z,2781,92643.25122,96090.60379,91914.02778,93429.20281,43625106843,1.85018E+12,2024-12-31T23:59:59.999Z
2024-12-30T00:00:00.000Z,2024-12-30T23:59:59.999Z,2024/12/30,2024-12-30T20:25:00.000Z,2024-12-30T15:11:00.000Z,2781,93527.1975,94903.3239,91317.13546,92643.2146,56188003691,1.83464E+12,2024-12-30T23:59:59.999Z
2024-12-29T00:00:00.000Z,2024-12-29T23:59:59.999Z,2024/12/29,2024-12-29T00:00:00.000Z,2024-12-29T23:12:00.000Z,2781,95174.05512,95174.8784,92881.79187,93530.22844,29635885267,1.85212E+12,2024-12-29T23:59:59.999Z
2024-12-28T00:00:00.000Z,2024-12-28T23:59:59.999Z,2024/12/28,2024-12-28T22:53:00.000Z,2024-12-28T01:27:00.000Z,2781,94160.18622,95525.89852,94014.2865,95163.93193,24107436185,1.88468E+12,2024-12-28T23:59:59.999Z
2024-12-27T00:00:00.000Z,2024-12-27T23:59:59.999Z,2024/12/27,2024-12-27T09:07:00.000Z,2024-12-27T17:25:00.000Z,2781,95704.97459,97294.84642,93310.7438,94164.86035,52419934565,1.86454E+12,2024-12-27T23:59:59.999Z
2024-12-26T00:00:00.000Z,2024-12-26T23:59:59.999Z,2024/12/26,2024-12-26T00:11:00.000Z,2024-12-26T10:15:00.000Z,2781,99297.69701,99884.57217,95137.8853,95795.5166,47054980873,1.89694E+12,2024-12-26T23:59:59.999Z
2024-12-25T00:00:00.000Z,2024-12-25T23:59:59.999Z,2024/12/25,2024-12-25T23:57:00.000Z,2024-12-25T12:03:00.000Z,2781,98675.91086,99478.74902,97593.47017,99299.19275,33700394629,1.96621E+12,2024-12-25T23:59:59.999Z
2024-12-24T00:00:00.000Z,2024-12-24T23:59:59.999Z,2024/12/24,2024-12-24T18:18:00.000Z,2024-12-24T02:22:00.000Z,2781,94684.34755,99404.06132,93448.01394,98676.0974,47114953674,1.95385E+12,2024-12-24T23:59:59.999Z
2024-12-23T00:00:00.000Z,2024-12-23T23:59:59.999Z,2024/12/23,2024-12-23T11:03:00.000Z,2024-12-23T20:17:00.000Z,2781,95099.39195,96416.21393,92403.13138,94686.23944,65239002919,1.87531E+12,2024-12-23T23:59:59.999Z
2024-12-22T00:00:00.000Z,2024-12-22T23:59:59.999Z,2024/12/22,2024-12-22T00:40:00.000Z,2024-12-22T22:11:00.000Z,2781,97218.31827,97360.2647,94202.18625,95104.93437,43147981314,1.88295E+12,2024-12-22T23:59:59.999Z
2024-12-21T00:00:00.000Z,2024-12-21T23:59:59.999Z,2024/12/21,2024-12-21T07:44:00.000Z,2024-12-21T13:34:00.000Z,2781,97756.1922,99507.09859,96426.52074,97224.72634,51765334294,1.92486E+12,2024-12-21T23:59:59.999Z
2024-12-20T00:00:00.000Z,2024-12-20T23:59:59.999Z,2024/12/20,2024-12-20T07:13:00.000Z,2024-12-20T12:18:00.000Z,2781,97484.69731,98098.91131,92175.18045,97755.93016,1.05634E+11,1.93546E+12,2024-12-20T23:59:59.999Z
2024-12-19T00:00:00.000Z,2024-12-19T23:59:59.999Z,2024/12/19,2024-12-19T14:36:00.000Z,2024-12-19T20:14:00.000Z,2781,100070.6874,102748.1508,95587.6815,97490.94998,97221662392,1.93004E+12,2024-12-19T23:59:59.999Z
2024-12-18T00:00:00.000Z,2024-12-18T23:59:59.999Z,2024/12/18,2024-12-18T00:19:00.000Z,2024-12-18T23:59:00.000Z,2781,106147.2953,106470.6064,100041.5427,100041.5427,93865656139,1.98299E+12,2024-12-18T23:59:59.999Z
2024-12-17T00:00:00.000Z,2024-12-17T23:59:59.999Z,2024/12/17,2024-12-17T14:59:00.000Z,2024-12-17T22:47:00.000Z,2781,106030.6906,108268.4471,105291.7379,106140.5982,68589364868,2.10134E+12,2024-12-17T23:59:59.999Z
2024-12-16T00:00:00.000Z,2024-12-16T23:59:59.999Z,2024/12/16,2024-12-16T18:31:00.000Z,2024-12-16T12:51:00.000Z,2781,104293.5765,107780.5796,103322.9828,106029.7206,91020417816,2.0991E+12,2024-12-16T23:59:59.999Z
2024-12-15T00:00:00.000Z,2024-12-15T23:59:59.999Z,2024/12/15,2024-12-15T23:28:00.000Z,2024-12-15T00:42:00.000Z,2781,101373.533,105047.5419,101227.0278,104298.6958,51145914137,2.06514E+12,2024-12-15T23:59:59.999Z
2024-12-14T00:00:00.000Z,2024-12-14T23:59:59.999Z,2024/12/14,2024-12-14T01:29:00.000Z,2024-12-14T20:54:00.000Z,2781,101451.44,102618.8846,100634.0575,101372.9661,40422968793,2.00681E+12,2024-12-14T23:59:59.999Z
2024-12-13T00:00:00.000Z,2024-12-13T23:59:59.999Z,2024/12/13,2024-12-13T20:46:00.000Z,2024-12-13T01:54:00.000Z,2781,100046.6505,101888.8084,99233.27805,101459.2544,56894751583,2.00842E+12,2024-12-13T23:59:59.999Z
2024-12-12T00:00:00.000Z,2024-12-12T23:59:59.999Z,2024/12/12,2024-12-12T16:17:00.000Z,2024-12-12T19:48:00.000Z,2781,101167.807,102524.9103,99339.94993,100042.9979,72073983533,1.98044E+12,2024-12-12T23:59:59.999Z
2024-12-11T00:00:00.000Z,2024-12-11T23:59:59.999Z,2024/12/11,2024-12-11T22:12:00.000Z,2024-12-11T02:00:00.000Z,2781,96656.06162,101913.3625,95747.22887,101173.0326,85391409936,2.00268E+12,2024-12-11T23:59:59.999Z
2024-12-10T00:00:00.000Z,2024-12-10T23:59:59.999Z,2024/12/10,2024-12-10T14:49:00.000Z,2024-12-10T18:13:00.000Z,2781,97441.23447,98270.15277,94321.25879,96675.43354,1.04824E+11,1.91324E+12,2024-12-10T23:59:59.999Z
2024-12-09T00:00:00.000Z,2024-12-09T23:59:59.999Z,2024/12/9,2024-12-09T00:02:00.000Z,2024-12-09T21:06:00.000Z,2781,101237.0615,101272.5042,94355.91104,97432.72126,1.10676E+11,1.92851E+12,2024-12-09T23:59:59.999Z
2024-12-08T00:00:00.000Z,2024-12-08T23:59:59.999Z,2024/12/8,2024-12-08T23:57:00.000Z,2024-12-08T09:56:00.000Z,2781,99921.9168,101399.9887,98771.51417,101236.0131,44125751925,2.00354E+12,2024-12-08T23:59:59.999Z
2024-12-07T00:00:00.000Z,2024-12-07T23:59:59.999Z,2024/12/7,2024-12-07T01:05:00.000Z,2024-12-07T05:46:00.000Z,2781,99916.71446,100563.3798,99030.88649,99923.33662,44177510897,1.97752E+12,2024-12-07T23:59:59.999Z
2024-12-06T00:00:00.000Z,2024-12-06T23:59:59.999Z,2024/12/6,2024-12-06T20:43:00.000Z,2024-12-06T00:07:00.000Z,2781,97074.22483,102039.8818,96514.87608,99920.71473,94534772658,1.97763E+12,2024-12-06T23:59:59.999Z
2024-12-05T00:00:00.000Z,2024-12-05T23:59:59.999Z,2024/12/5,2024-12-05T03:09:00.000Z,2024-12-05T22:29:00.000Z,2781,98741.53938,103900.4721,91998.7817,96593.57227,1.49219E+11,1.91178E+12,2024-12-05T23:59:59.999Z
2024-12-04T00:00:00.000Z,2024-12-04T23:59:59.999Z,2024/12/4,2024-12-04T20:52:00.000Z,2024-12-04T16:53:00.000Z,2781,95988.52871,99207.32507,94660.52325,98768.52756,77199817112,1.95416E+12,2024-12-04T23:59:59.999Z
2024-12-03T00:00:00.000Z,2024-12-03T23:59:59.999Z,2024/12/3,2024-12-03T02:42:00.000Z,2024-12-03T14:36:00.000Z,2781,95854.59743,96297.20006,93629.55989,96002.16214,67067810961,1.89953E+12,2024-12-03T23:59:59.999Z
2024-12-02T00:00:00.000Z,2024-12-02T23:59:59.999Z,2024/12/2,2024-12-02T01:32:00.000Z,2024-12-02T18:00:00.000Z,2781,97276.01012,98152.59825,94482.86334,95865.30163,72680784305,1.89699E+12,2024-12-02T23:59:59.999Z
2024-12-01T00:00:00.000Z,2024-12-01T23:59:59.999Z,2024/12/1,2024-12-01T22:01:00.000Z,2024-12-01T02:59:00.000Z,2781,96461.3368,97888.12727,95770.18447,97279.79292,36590695296,1.92478E+12,2024-12-01T23:59:59.999Z
2024-11-30T00:00:00.000Z,2024-11-30T23:59:59.999Z,2024/11/30,2024-11-30T00:00:00.000Z,2024-11-30T11:01:00.000Z,2781,97468.81245,97499.3424,96144.21983,96449.05581,31634227866,1.90865E+12,2024-11-30T23:59:59.999Z
2024-11-29T00:00:00.000Z,2024-11-29T23:59:59.999Z,2024/11/29,2024-11-29T15:21:00.000Z,2024-11-29T00:54:00.000Z,2781,95653.95259,98693.16817,95407.88637,97461.52371,54968682476,1.92882E+12,2024-11-29T23:59:59.999Z
2024-11-28T00:00:00.000Z,2024-11-28T23:59:59.999Z,2024/11/28,2024-11-28T01:01:00.000Z,2024-11-28T10:10:00.000Z,2781,95954.94488,96650.20377,94677.3543,95652.46516,52260008261,1.89287E+12,2024-11-28T23:59:59.999Z
2024-11-27T00:00:00.000Z,2024-11-27T23:59:59.999Z,2024/11/27,2024-11-27T20:31:00.000Z,2024-11-27T00:47:00.000Z,2781,91978.13858,97361.18194,91778.66121,95962.52842,71133452438,1.89877E+12,2024-11-27T23:59:59.999Z
2024-11-26T00:00:00.000Z,2024-11-26T23:59:59.999Z,2024/11/26,2024-11-26T06:28:00.000Z,2024-11-26T20:40:00.000Z,2781,93087.27999,94991.74997,90770.81504,91985.31683,91656519855,1.82005E+12,2024-11-26T23:59:59.999Z
2024-11-25T00:00:00.000Z,2024-11-25T23:59:59.999Z,2024/11/25,2024-11-25T09:23:00.000Z,2024-11-25T22:40:00.000Z,2781,98033.4427,98935.03181,92642.91486,93102.29521,80909462490,1.84226E+12,2024-11-25T23:59:59.999Z
2024-11-24T00:00:00.000Z,2024-11-24T23:59:59.999Z,2024/11/24,2024-11-24T02:45:00.000Z,2024-11-24T17:48:00.000Z,2781,97778.09736,98647.17758,95788.077,98013.82091,51712020623,1.93792E+12,2024-11-24T23:59:59.999Z
2024-11-23T00:00:00.000Z,2024-11-23T23:59:59.999Z,2024/11/23,2024-11-23T00:30:00.000Z,2024-11-23T20:30:00.000Z,2781,99006.74227,99014.67786,97232.89312,97777.27976,44414644677,1.93463E+12,2024-11-23T23:59:59.999Z
2024-11-22T00:00:00.000Z,2024-11-22T23:59:59.999Z,2024/11/22,2024-11-22T19:38:00.000Z,2024-11-22T14:58:00.000Z,2781,98496.42949,99655.50108,97222.66704,98997.66208,78473580551,1.95895E+12,2024-11-22T23:59:59.999Z
2024-11-21T00:00:00.000Z,2024-11-21T23:59:59.999Z,2024/11/21,2024-11-21T19:18:00.000Z,2024-11-21T02:39:00.000Z,2781,94334.64328,99014.21491,94132.60097,98504.72759,1.06025E+11,1.9488E+12,2024-11-21T23:59:59.999Z
2024-11-20T00:00:00.000Z,2024-11-20T23:59:59.999Z,2024/11/20,2024-11-20T15:40:00.000Z,2024-11-20T03:06:00.000Z,2781,92341.89416,94902.02358,91619.4964,94339.49503,71730956426,1.86643E+12,2024-11-20T23:59:59.999Z
2024-11-19T00:00:00.000Z,2024-11-19T23:59:59.999Z,2024/11/19,2024-11-19T19:15:00.000Z,2024-11-19T00:03:00.000Z,2781,90536.81153,94002.87011,90426.98538,92343.79205,74521048295,1.82696E+12,2024-11-19T23:59:59.999Z
2024-11-18T00:00:00.000Z,2024-11-18T23:59:59.999Z,2024/11/18,2024-11-18T16:03:00.000Z,2024-11-18T14:00:00.000Z,2781,89843.71548,92596.78892,89393.59057,90542.644,75535775084,1.79126E+12,2024-11-18T23:59:59.999Z
2024-11-17T00:00:00.000Z,2024-11-17T23:59:59.999Z,2024/11/17,2024-11-17T09:11:00.000Z,2024-11-17T22:06:00.000Z,2781,90558.46311,91433.0405,88741.66583,89845.85121,46350159305,1.77753E+12,2024-11-17T23:59:59.999Z
2024-11-16T00:00:00.000Z,2024-11-16T23:59:59.999Z,2024/11/16,2024-11-16T05:26:00.000Z,2024-11-16T15:51:00.000Z,2781,91064.36623,91763.94788,90094.22537,90558.47524,44333192814,1.79154E+12,2024-11-16T23:59:59.999Z
2024-11-15T00:00:00.000Z,2024-11-15T23:59:59.999Z,2024/11/15,2024-11-15T22:03:00.000Z,2024-11-15T04:52:00.000Z,2781,87284.1831,91868.74444,87124.90086,91066.00696,78243109518,1.80144E+12,2024-11-15T23:59:59.999Z
2024-11-14T00:00:00.000Z,2024-11-14T23:59:59.999Z,2024/11/14,2024-11-14T14:34:00.000Z,2024-11-14T23:42:00.000Z,2781,90574.88206,91765.22137,86682.81582,87250.43127,87616705248,1.72756E+12,2024-11-14T23:59:59.999Z
2024-11-13T00:00:00.000Z,2024-11-13T23:59:59.999Z,2024/11/13,2024-11-13T16:16:00.000Z,2024-11-13T06:36:00.000Z,2781,87929.96677,93434.35534,86256.93197,90584.16667,1.23559E+11,1.79174E+12,2024-11-13T23:59:59.999Z
2024-11-12T00:00:00.000Z,2024-11-12T23:59:59.999Z,2024/11/12,2024-11-12T07:16:00.000Z,2024-11-12T13:51:00.000Z,2781,88705.56449,89956.88236,85155.11151,87955.80982,1.33673E+11,1.73938E+12,2024-11-12T23:59:59.999Z
2024-11-11T00:00:00.000Z,2024-11-11T23:59:59.999Z,2024/11/11,2024-11-11T23:25:00.000Z,2024-11-11T00:13:00.000Z,2781,80471.41319,89604.49784,80283.24762,88701.48808,1.17967E+11,1.75468E+12,2024-11-11T23:59:59.999Z
2024-11-10T00:00:00.000Z,2024-11-10T23:59:59.999Z,2024/11/10,2024-11-10T22:23:00.000Z,2024-11-10T00:05:00.000Z,2781,76775.5438,81474.42389,76565.42993,80474.1856,82570594495,1.59175E+12,2024-11-10T23:59:59.999Z
2024-11-09T00:00:00.000Z,2024-11-09T23:59:59.999Z,2024/11/9,2024-11-09T23:46:00.000Z,2024-11-09T17:18:00.000Z,2781,76556.19113,76932.76399,75773.78852,76778.86775,29009480361,1.51869E+12,2024-11-09T23:59:59.999Z
2024-11-08T00:00:00.000Z,2024-11-08T23:59:59.999Z,2024/11/8,2024-11-08T19:49:00.000Z,2024-11-08T03:05:00.000Z,2781,75902.83257,77252.74766,75648.7412,76545.47664,55176858003,1.51426E+12,2024-11-08T23:59:59.999Z
2024-11-07T00:00:00.000Z,2024-11-07T23:59:59.999Z,2024/11/7,2024-11-07T20:23:00.000Z,2024-11-07T06:15:00.000Z,2781,75637.08497,76943.11802,74480.41931,75904.85846,63467654989,1.5013E+12,2024-11-07T23:59:59.999Z
2024-11-06T00:00:00.000Z,2024-11-06T23:59:59.999Z,2024/11/6,2024-11-06T20:58:00.000Z,2024-11-06T00:04:00.000Z,2781,69358.50199,76460.15337,69322.0319,75639.07795,1.18593E+11,1.496E+12,2024-11-06T23:59:59.999Z
2024-11-05T00:00:00.000Z,2024-11-05T23:59:59.999Z,2024/11/5,2024-11-05T16:36:00.000Z,2024-11-05T01:36:00.000Z,2781,67811.17433,70522.78682,67458.86968,69359.56617,46046889204,1.37179E+12,2024-11-05T23:59:59.999Z
2024-11-04T00:00:00.000Z,2024-11-04T23:59:59.999Z,2024/11/4,2024-11-04T03:02:00.000Z,2024-11-04T21:55:00.000Z,2781,68742.13467,69433.17642,66803.65,67811.50914,41184819348,1.34116E+12,2024-11-04T23:59:59.999Z
2024-11-03T00:00:00.000Z,2024-11-03T23:59:59.999Z,2024/11/3,2024-11-03T00:03:00.000Z,2024-11-03T15:40:00.000Z,2781,69296.38206,69361.658,67482.52544,68741.11549,34868307655,1.35954E+12,2024-11-03T23:59:59.999Z
2024-11-02T00:00:00.000Z,2024-11-02T23:59:59.999Z,2024/11/2,2024-11-02T02:30:00.000Z,2024-11-02T14:53:00.000Z,2781,69486.0239,69867.35185,69033.72226,69289.27667,18184612091,1.37047E+12,2024-11-02T23:59:59.999Z
2024-11-01T00:00:00.000Z,2024-11-01T23:59:59.999Z,2024/11/1,2024-11-01T14:31:00.000Z,2024-11-01T02:12:00.000Z,2781,70216.89697,71559.01657,68779.70034,69482.46985,49989795365,1.37419E+12,2024-11-01T23:59:59.999Z
2024-10-31T00:00:00.000Z,2024-10-31T23:59:59.999Z,2024/10/31,2024-10-31T10:55:00.000Z,2024-10-31T20:57:00.000Z,2781,72335.04408,72662.3098,69590.50287,70215.18563,40627912076,1.38861E+12,2024-10-31T23:59:59.999Z
2024-10-30T00:00:00.000Z,2024-10-30T23:59:59.999Z,2024/10/30,2024-10-30T21:05:00.000Z,2024-10-30T13:46:00.000Z,2781,72715.36649,72905.29852,71411.73503,72339.54218,40646637831,1.43046E+12,2024-10-30T23:59:59.999Z
2024-10-29T00:00:00.000Z,2024-10-29T23:59:59.999Z,2024/10/29,2024-10-29T19:12:00.000Z,2024-10-29T00:11:00.000Z,2781,69910.04537,73577.20966,69729.91783,72720.49357,58541874402,1.43794E+12,2024-10-29T23:59:59.999Z
2024-10-28T00:00:00.000Z,2024-10-28T23:59:59.999Z,2024/10/28,2024-10-28T22:10:00.000Z,2024-10-28T05:34:00.000Z,2781,67922.67427,70212.26904,67535.13101,69907.75467,38799856657,1.38236E+12,2024-10-28T23:59:59.999Z
2024-10-27T00:00:00.000Z,2024-10-27T23:59:59.999Z,2024/10/27,2024-10-27T22:30:00.000Z,2024-10-27T01:25:00.000Z,2781,67023.47942,68221.31474,66847.2231,67929.2988,16721307878,1.34323E+12,2024-10-27T23:59:59.999Z
2024-10-26T00:00:00.000Z,2024-10-26T23:59:59.999Z,2024/10/26,2024-10-26T20:31:00.000Z,2024-10-26T02:13:00.000Z,2781,66628.737,67317.91816,66360.5955,67014.69773,19588098156,1.32529E+12,2024-10-26T23:59:59.999Z
2024-10-25T00:00:00.000Z,2024-10-25T23:59:59.999Z,2024/10/25,2024-10-25T14:32:00.000Z,2024-10-25T23:25:00.000Z,2781,68165.29737,68722.15949,65521.79345,66642.41073,41469984306,1.31739E+12,2024-10-25T23:59:59.999Z
2024-10-24T00:00:00.000Z,2024-10-24T23:59:59.999Z,2024/10/24,2024-10-24T21:24:00.000Z,2024-10-24T00:24:00.000Z,2781,66653.70416,68798.96199,66454.09956,68161.05334,31414428647,1.3478E+12,2024-10-24T23:59:59.999Z
2024-10-23T00:00:00.000Z,2024-10-23T23:59:59.999Z,2024/10/23,2024-10-23T00:01:00.000Z,2024-10-23T18:21:00.000Z,2781,67362.37442,67402.74462,65188.03529,66432.19825,32263980353,1.3135E+12,2024-10-23T23:59:59.999Z
2024-10-22T00:00:00.000Z,2024-10-22T23:59:59.999Z,2024/10/22,2024-10-22T22:57:00.000Z,2024-10-22T00:34:00.000Z,2781,67360.70273,67801.577,66581.36798,67361.40266,31808472566,1.33184E+12,2024-10-22T23:59:59.999Z
2024-10-21T00:00:00.000Z,2024-10-21T23:59:59.999Z,2024/10/21,2024-10-21T00:32:00.000Z,2024-10-21T15:13:00.000Z,2781,69002.00015,69462.73678,66829.85347,67367.85256,37498611780,1.3318E+12,2024-10-21T23:59:59.999Z
2024-10-20T00:00:00.000Z,2024-10-20T23:59:59.999Z,2024/10/20,2024-10-20T22:53:00.000Z,2024-10-20T03:09:00.000Z,2781,68364.17846,69359.00706,68105.72051,69001.70662,18975847518,1.36421E+12,2024-10-20T23:59:59.999Z
2024-10-19T00:00:00.000Z,2024-10-19T23:59:59.999Z,2024/10/19,2024-10-19T03:18:00.000Z,2024-10-19T17:03:00.000Z,2781,68418.97666,68668.00581,68024.63823,68362.73311,14443497908,1.35154E+12,2024-10-19T23:59:59.999Z
2024-10-18T00:00:00.000Z,2024-10-18T23:59:59.999Z,2024/10/18,2024-10-18T18:47:00.000Z,2024-10-18T00:57:00.000Z,2781,67419.10873,68969.74692,67177.8182,68418.78905,36857165014,1.35261E+12,2024-10-18T23:59:59.999Z
2024-10-17T00:00:00.000Z,2024-10-17T23:59:59.999Z,2024/10/17,2024-10-17T00:38:00.000Z,2024-10-17T13:37:00.000Z,2781,67617.07957,67912.20764,66647.39121,67399.83349,32790898511,1.33282E+12,2024-10-17T23:59:59.999Z
2024-10-16T00:00:00.000Z,2024-10-16T23:59:59.999Z,2024/10/16,2024-10-16T11:48:00.000Z,2024-10-16T01:12:00.000Z,2781,67042.46182,68375.29295,66758.72551,67612.72078,38195189534,1.3367E+12,2024-10-16T23:59:59.999Z
2024-10-15T00:00:00.000Z,2024-10-15T23:59:59.999Z,2024/10/15,2024-10-15T14:02:00.000Z,2024-10-15T15:09:00.000Z,2781,66050.36873,67881.67959,64809.19695,67041.10717,48863870879,1.32531E+12,2024-10-15T23:59:59.999Z
2024-10-14T00:00:00.000Z,2024-10-14T23:59:59.999Z,2024/10/14,2024-10-14T23:01:00.000Z,2024-10-14T00:53:00.000Z,2781,62848.39949,66482.49439,62442.154,66046.12807,43706958056,1.30566E+12,2024-10-14T23:59:59.999Z
2024-10-13T00:00:00.000Z,2024-10-13T23:59:59.999Z,2024/10/13,2024-10-13T00:33:00.000Z,2024-10-13T15:31:00.000Z,2781,63192.94358,63272.65296,62035.63669,62851.37492,18177529690,1.24234E+12,2024-10-13T23:59:59.999Z
2024-10-12T00:00:00.000Z,2024-10-12T23:59:59.999Z,2024/10/12,2024-10-12T15:15:00.000Z,2024-10-12T00:00:00.000Z,2781,62444.61741,63448.78324,62443.27135,63193.02307,16744110886,1.24912E+12,2024-10-12T23:59:59.999Z
2024-10-11T00:00:00.000Z,2024-10-11T23:59:59.999Z,2024/10/11,2024-10-11T19:13:00.000Z,2024-10-11T01:37:00.000Z,2781,60275.46083,63400.86988,60046.12583,62445.08861,30327141594,1.2343E+12,2024-10-11T23:59:59.999Z
2024-10-10T00:00:00.000Z,2024-10-10T23:59:59.999Z,2024/10/10,2024-10-10T12:03:00.000Z,2024-10-10T18:27:00.000Z,2781,60581.92969,61236.72317,58895.20781,60274.49806,30452813570,1.1914E+12,2024-10-10T23:59:59.999Z
2024-10-09T00:00:00.000Z,2024-10-09T23:59:59.999Z,2024/10/9,2024-10-09T05:58:00.000Z,2024-10-09T20:56:00.000Z,2781,62131.7261,62508.83574,60314.61439,60582.10097,27670982363,1.19743E+12,2024-10-09T23:59:59.999Z
2024-10-08T00:00:00.000Z,2024-10-08T23:59:59.999Z,2024/10/8,2024-10-08T14:03:00.000Z,2024-10-08T19:16:00.000Z,2781,62221.64515,63174.3062,61843.56366,62131.96785,28134475157,1.22804E+12,2024-10-08T23:59:59.999Z
2024-10-07T00:00:00.000Z,2024-10-07T23:59:59.999Z,2024/10/7,2024-10-07T14:25:00.000Z,2024-10-07T23:01:00.000Z,2781,62819.10933,64443.70641,62152.55171,62236.65937,34253562610,1.22978E+12,2024-10-07T23:59:59.999Z
2024-10-06T00:00:00.000Z,2024-10-06T23:59:59.999Z,2024/10/6,2024-10-06T19:31:00.000Z,2024-10-06T04:43:00.000Z,2781,62084.9865,62959.56854,61833.15004,62818.95448,14776233667,1.24156E+12,2024-10-06T23:59:59.999Z
2024-10-05T00:00:00.000Z,2024-10-05T23:59:59.999Z,2024/10/5,2024-10-05T13:13:00.000Z,2024-10-05T03:04:00.000Z,2781,62067.6105,62371.02368,61689.58116,62089.94846,13305410749,1.22702E+12,2024-10-05T23:59:59.999Z
2024-10-04T00:00:00.000Z,2024-10-04T23:59:59.999Z,2024/10/4,2024-10-04T20:56:00.000Z,2024-10-04T00:55:00.000Z,2781,60754.62513,62465.99076,60459.93982,62067.47745,29585472513,1.22665E+12,2024-10-04T23:59:59.999Z
2024-10-03T00:00:00.000Z,2024-10-03T23:59:59.999Z,2024/10/3,2024-10-03T04:01:00.000Z,2024-10-03T13:19:00.000Z,2781,60632.48624,61469.03715,59878.80343,60759.40133,36106447279,1.20067E+12,2024-10-03T23:59:59.999Z
2024-10-02T00:00:00.000Z,2024-10-02T23:59:59.999Z,2024/10/2,2024-10-02T16:08:00.000Z,2024-10-02T19:47:00.000Z,2781,60836.32463,62357.68673,59996.94734,60632.78627,40762722398,1.19822E+12,2024-10-02T23:59:59.999Z
2024-10-01T00:00:00.000Z,2024-10-01T23:59:59.999Z,2024/10/1,2024-10-01T07:40:00.000Z,2024-10-01T20:42:00.000Z,2781,63335.60358,64110.982,60189.2787,60837.0097,50220923500,1.20222E+12,2024-10-01T23:59:59.999Z
2024-09-30T00:00:00.000Z,2024-09-30T23:59:59.999Z,2024/9/30,2024-09-30T00:00:00.000Z,2024-09-30T23:44:00.000Z,2781,65634.66013,65635.05288,62873.61587,63329.49813,37112957475,1.25146E+12,2024-09-30T23:59:59.999Z
2024-09-29T00:00:00.000Z,2024-09-29T23:59:59.999Z,2024/9/29,2024-09-29T20:06:00.000Z,2024-09-29T08:26:00.000Z,2781,65888.89527,66069.34581,65450.01437,65635.30815,14788214575,1.29698E+12,2024-09-29T23:59:59.999Z
2024-09-28T00:00:00.000Z,2024-09-28T23:59:59.999Z,2024/9/28,2024-09-28T03:08:00.000Z,2024-09-28T13:16:00.000Z,2781,65792.18195,66255.53187,65458.0345,65887.64878,15243637984,1.30198E+12,2024-09-28T23:59:59.999Z
2024-09-27T00:00:00.000Z,2024-09-27T23:59:59.999Z,2024/9/27,2024-09-27T14:39:00.000Z,2024-09-27T03:07:00.000Z,2781,65180.66514,66480.69471,64852.99109,65790.66165,32058813449,1.30004E+12,2024-09-27T23:59:59.999Z
2024-09-26T00:00:00.000Z,2024-09-26T23:59:59.999Z,2024/9/26,2024-09-26T17:08:00.000Z,2024-09-26T01:39:00.000Z,2781,63138.54848,65790.79545,62669.26845,65181.0207,36873129847,1.28793E+12,2024-09-26T23:59:59.999Z
2024-09-25T00:00:00.000Z,2024-09-25T23:59:59.999Z,2024/9/25,2024-09-25T01:41:00.000Z,2024-09-25T23:44:00.000Z,2781,64302.59122,64804.50314,62945.37655,63143.14597,25078377700,1.24755E+12,2024-09-25T23:59:59.999Z
2024-09-24T00:00:00.000Z,2024-09-24T23:59:59.999Z,2024/9/24,2024-09-24T22:58:00.000Z,2024-09-24T02:15:00.000Z,2781,63326.84125,64695.21547,62737.4179,64301.96727,29938335243,1.27052E+12,2024-09-24T23:59:59.999Z
2024-09-23T00:00:00.000Z,2024-09-23T23:59:59.999Z,2024/9/23,2024-09-23T03:28:00.000Z,2024-09-23T00:17:00.000Z,2781,63643.10208,64733.55767,62628.07866,63329.80239,31400285425,1.25121E+12,2024-09-23T23:59:59.999Z
2024-09-22T00:00:00.000Z,2024-09-22T23:59:59.999Z,2024/9/22,2024-09-22T22:59:00.000Z,2024-09-22T22:06:00.000Z,2781,63396.80355,63993.4231,62440.72627,63648.70989,20183348802,1.25743E+12,2024-09-22T23:59:59.999Z
2024-09-21T00:00:00.000Z,2024-09-21T23:59:59.999Z,2024/9/21,2024-09-21T23:51:00.000Z,2024-09-21T05:08:00.000Z,2781,63184.34127,63543.36012,62783.10538,63394.83874,14408616220,1.25254E+12,2024-09-21T23:59:59.999Z
2024-09-20T00:00:00.000Z,2024-09-20T23:59:59.999Z,2024/9/20,2024-09-20T04:10:00.000Z,2024-09-20T18:12:00.000Z,2781,62941.4276,64119.53036,62364.60653,63192.97508,35177164222,1.24832E+12,2024-09-20T23:59:59.999Z
2024-09-19T00:00:00.000Z,2024-09-19T23:59:59.999Z,2024/9/19,2024-09-19T17:47:00.000Z,2024-09-19T01:36:00.000Z,2781,61651.15534,63872.44072,61609.86702,62940.45677,42710252573,1.24349E+12,2024-09-19T23:59:59.999Z
2024-09-18T00:00:00.000Z,2024-09-18T23:59:59.999Z,2024/9/18,2024-09-18T23:58:00.000Z,2024-09-18T16:06:00.000Z,2781,60309.00188,61664.06733,59218.25244,61649.67873,40990702891,1.21798E+12,2024-09-18T23:59:59.999Z
2024-09-17T00:00:00.000Z,2024-09-17T23:59:59.999Z,2024/9/17,2024-09-17T15:22:00.000Z,2024-09-17T01:01:00.000Z,2781,58192.50934,61316.09138,57628.07177,60308.53759,38075570118,1.19143E+12,2024-09-17T23:59:59.999Z
2024-09-16T00:00:00.000Z,2024-09-16T23:59:59.999Z,2024/9/16,2024-09-16T00:05:00.000Z,2024-09-16T17:13:00.000Z,2781,59185.22686,59205.51036,57501.33917,58192.50687,32032822113,1.1496E+12,2024-09-16T23:59:59.999Z
2024-09-15T00:00:00.000Z,2024-09-15T23:59:59.999Z,2024/9/15,2024-09-15T15:46:00.000Z,2024-09-15T23:12:00.000Z,2781,60000.72832,60381.91667,58696.30942,59182.83533,18120960867,1.16918E+12,2024-09-15T23:59:59.999Z
2024-09-14T00:00:00.000Z,2024-09-14T23:59:59.999Z,2024/9/14,2024-09-14T00:19:00.000Z,2024-09-14T18:10:00.000Z,2781,60569.11623,60656.72113,59517.88193,60005.11916,16428405496,1.18527E+12,2024-09-14T23:59:59.999Z
2024-09-13T00:00:00.000Z,2024-09-13T23:59:59.999Z,2024/9/13,2024-09-13T22:59:00.000Z,2024-09-13T12:25:00.000Z,2781,58130.32248,60648.02427,57650.11167,60571.29916,32490528356,1.19647E+12,2024-09-13T23:59:59.999Z
2024-09-12T00:00:00.000Z,2024-09-12T23:59:59.999Z,2024/9/12,2024-09-12T14:35:00.000Z,2024-09-12T00:00:00.000Z,2781,57343.17259,58534.35838,57330.10075,58127.01084,33835707949,1.14827E+12,2024-09-12T23:59:59.999Z
2024-09-11T00:00:00.000Z,2024-09-11T23:59:59.999Z,2024/9/11,2024-09-11T18:27:00.000Z,2024-09-11T14:48:00.000Z,2781,57650.28907,57991.32051,55567.34129,57343.17054,37049062672,1.13269E+12,2024-09-11T23:59:59.999Z
2024-09-10T00:00:00.000Z,2024-09-10T23:59:59.999Z,2024/9/10,2024-09-10T19:58:00.000Z,2024-09-10T04:38:00.000Z,2781,57020.09841,58029.97744,56419.41285,57648.71241,28857630507,1.13874E+12,2024-09-10T23:59:59.999Z
2024-09-09T00:00:00.000Z,2024-09-09T23:59:59.999Z,2024/9/9,2024-09-09T21:16:00.000Z,2024-09-09T05:55:00.000Z,2781,54851.88735,58041.12486,54598.43373,57019.53476,34618096173,1.12627E+12,2024-09-09T23:59:59.999Z
2024-09-08T00:00:00.000Z,2024-09-08T23:59:59.999Z,2024/9/8,2024-09-08T22:29:00.000Z,2024-09-08T16:03:00.000Z,2781,54147.93257,55300.85969,53653.75922,54841.56635,18268287531,1.08342E+12,2024-09-08T23:59:59.999Z
2024-09-07T00:00:00.000Z,2024-09-07T23:59:59.999Z,2024/9/7,2024-09-07T16:09:00.000Z,2024-09-07T01:54:00.000Z,2781,53949.08715,54838.14567,53740.06854,54139.68945,19061486526,1.06948E+12,2024-09-07T23:59:59.999Z
2024-09-06T00:00:00.000Z,2024-09-06T23:59:59.999Z,2024/9/6,2024-09-06T13:24:00.000Z,2024-09-06T21:01:00.000Z,2781,56160.18946,56976.10891,52598.69966,53948.75224,49361693566,1.06553E+12,2024-09-06T23:59:59.999Z
2024-09-05T00:00:00.000Z,2024-09-05T23:59:59.999Z,2024/9/5,2024-09-05T00:30:00.000Z,2024-09-05T21:36:00.000Z,2781,57971.70332,58300.58102,55712.45409,56160.48726,31030280656,1.10917E+12,2024-09-05T23:59:59.999Z
2024-09-04T00:00:00.000Z,2024-09-04T23:59:59.999Z,2024/9/4,2024-09-04T16:39:00.000Z,2024-09-04T01:06:00.000Z,2781,57430.34857,58511.56932,55673.16283,57971.54082,35627680312,1.14492E+12,2024-09-04T23:59:59.999Z
2024-09-03T00:00:00.000Z,2024-09-03T23:59:59.999Z,2024/9/3,2024-09-03T02:16:00.000Z,2024-09-03T23:59:00.000Z,2781,59106.19129,59815.05695,57425.16731,57431.02299,26666961053,1.1342E+12,2024-09-03T23:59:59.999Z
2024-09-02T00:00:00.000Z,2024-09-02T23:59:59.999Z,2024/9/2,2024-09-02T23:02:00.000Z,2024-09-02T00:53:00.000Z,2781,57326.96729,59403.06979,57136.02642,59112.47951,27036454524,1.16727E+12,2024-09-02T23:59:59.999Z
2024-09-01T00:00:00.000Z,2024-09-01T23:59:59.999Z,2024/9/1,2024-09-01T00:17:00.000Z,2024-09-01T23:19:00.000Z,2781,58969.79945,59062.07081,57217.82386,57325.48769,24592449997,1.13211E+12,2024-09-01T23:59:59.999Z
2024-08-31T00:00:00.000Z,2024-08-31T23:59:59.999Z,2024/8/31,2024-08-31T00:34:00.000Z,2024-08-31T17:52:00.000Z,2781,59117.47951,59432.59195,58768.78396,58969.89837,12403470760,1.16452E+12,2024-08-31T23:59:59.999Z
2024-08-30T00:00:00.000Z,2024-08-30T23:59:59.999Z,2024/8/30,2024-08-30T12:31:00.000Z,2024-08-30T16:28:00.000Z,2781,59388.60188,59896.88756,57768.53006,59119.47478,32292756405,1.16745E+12,2024-08-30T23:59:59.999Z
2024-08-29T00:00:00.000Z,2024-08-29T23:59:59.999Z,2024/8/29,2024-08-29T15:35:00.000Z,2024-08-29T22:10:00.000Z,2781,59027.46834,61184.08062,58786.22699,59388.18085,32224990582,1.17274E+12,2024-08-29T23:59:59.999Z
2024-08-28T00:00:00.000Z,2024-08-28T23:59:59.999Z,2024/8/28,2024-08-28T10:00:00.000Z,2024-08-28T16:24:00.000Z,2781,59507.92464,60236.44801,57890.67691,59027.62659,40289564698,1.16558E+12,2024-08-28T23:59:59.999Z
2024-08-27T00:00:00.000Z,2024-08-27T23:59:59.999Z,2024/8/27,2024-08-27T05:52:00.000Z,2024-08-27T22:16:00.000Z,2781,62879.7084,63207.59759,58116.75133,59504.13268,39103882198,1.17504E+12,2024-08-27T23:59:59.999Z
2024-08-26T00:00:00.000Z,2024-08-26T23:59:59.999Z,2024/8/26,2024-08-26T00:08:00.000Z,2024-08-26T23:56:00.000Z,2781,64342.22544,64489.70638,62849.55982,62880.65865,27682040631,1.24159E+12,2024-08-26T23:59:59.999Z
2024-08-25T00:00:00.000Z,2024-08-25T23:59:59.999Z,2024/8/25,2024-08-25T23:29:00.000Z,2024-08-25T10:10:00.000Z,2781,64176.36707,64996.4201,63833.5189,64333.54418,18827683555,1.27027E+12,2024-08-25T23:59:59.999Z
2024-08-24T00:00:00.000Z,2024-08-24T23:59:59.999Z,2024/8/24,2024-08-24T09:01:00.000Z,2024-08-24T22:00:00.000Z,2781,64103.86959,64513.7905,63619.91721,64178.99065,21430585163,1.26714E+12,2024-08-24T23:59:59.999Z
2024-08-23T00:00:00.000Z,2024-08-23T23:59:59.999Z,2024/8/23,2024-08-23T22:35:00.000Z,2024-08-23T00:02:00.000Z,2781,60380.95286,64947.06176,60372.04996,64094.35721,42530509233,1.26568E+12,2024-08-23T23:59:59.999Z
2024-08-22T00:00:00.000Z,2024-08-22T23:59:59.999Z,2024/8/22,2024-08-22T12:04:00.000Z,2024-08-22T02:53:00.000Z,2781,61168.31576,61408.10757,59815.25498,60381.91246,27625734377,1.19214E+12,2024-08-22T23:59:59.999Z
2024-08-21T00:00:00.000Z,2024-08-21T23:59:59.999Z,2024/8/21,2024-08-21T20:06:00.000Z,2024-08-21T01:23:00.000Z,2781,59014.98763,61834.35078,58823.44361,61175.19201,32731154072,1.20765E+12,2024-08-21T23:59:59.999Z
2024-08-20T00:00:00.000Z,2024-08-20T23:59:59.999Z,2024/8/20,2024-08-20T05:25:00.000Z,2024-08-20T16:11:00.000Z,2781,59493.45197,61396.3281,58610.88337,59012.79115,31613400008,1.16512E+12,2024-08-20T23:59:59.999Z
2024-08-19T00:00:00.000Z,2024-08-19T23:59:59.999Z,2024/8/19,2024-08-19T23:55:00.000Z,2024-08-19T10:06:00.000Z,2781,58480.71273,59612.66125,57864.70951,59493.45248,25911207712,1.17454E+12,2024-08-19T23:59:59.999Z
2024-08-18T00:00:00.000Z,2024-08-18T23:59:59.999Z,2024/8/18,2024-08-18T12:47:00.000Z,2024-08-18T23:56:00.000Z,2781,59468.13149,60262.717,58445.40172,58483.96498,17740625837,1.15452E+12,2024-08-18T23:59:59.999Z
2024-08-17T00:00:00.000Z,2024-08-17T23:59:59.999Z,2024/8/17,2024-08-17T16:53:00.000Z,2024-08-17T00:20:00.000Z,2781,58893.53084,59694.66893,58814.83133,59478.97105,13589684021,1.17398E+12,2024-08-17T23:59:59.999Z
2024-08-16T00:00:00.000Z,2024-08-16T23:59:59.999Z,2024/8/16,2024-08-16T19:33:00.000Z,2024-08-16T01:23:00.000Z,2781,57560.2733,59847.35835,57110.01932,58894.10416,29350938673,1.16261E+12,2024-08-16T23:59:59.999Z
2024-08-15T00:00:00.000Z,2024-08-15T23:59:59.999Z,2024/8/15,2024-08-15T16:32:00.000Z,2024-08-15T20:57:00.000Z,2781,58733.26299,59838.64867,56161.59287,57560.09763,35682112440,1.13627E+12,2024-08-15T23:59:59.999Z
2024-08-14T00:00:00.000Z,2024-08-14T23:59:59.999Z,2024/8/14,2024-08-14T12:31:00.000Z,2024-08-14T22:05:00.000Z,2781,60611.05005,61687.75659,58472.87413,58737.27063,29961696180,1.15939E+12,2024-08-14T23:59:59.999Z
2024-08-13T00:00:00.000Z,2024-08-13T23:59:59.999Z,2024/8/13,2024-08-13T17:45:00.000Z,2024-08-13T10:25:00.000Z,2781,59356.20778,61572.39697,58506.25337,60609.56698,30327698167,1.19644E+12,2024-08-13T23:59:59.999Z
2024-08-12T00:00:00.000Z,2024-08-12T23:59:59.999Z,2024/8/12,2024-08-12T14:41:00.000Z,2024-08-12T07:22:00.000Z,2781,58719.39522,60680.33081,57688.89773,59354.51372,37078637820,1.17164E+12,2024-08-12T23:59:59.999Z
2024-08-11T00:00:00.000Z,2024-08-11T23:59:59.999Z,2024/8/11,2024-08-11T09:21:00.000Z,2024-08-11T20:39:00.000Z,2781,60944.89256,61778.66037,58348.82334,58719.48317,22759754812,1.15904E+12,2024-08-11T23:59:59.999Z
2024-08-10T00:00:00.000Z,2024-08-10T23:59:59.999Z,2024/8/10,2024-08-10T00:24:00.000Z,2024-08-10T04:16:00.000Z,2781,60881.22948,61464.51165,60287.56653,60945.81314,15745822278,1.20294E+12,2024-08-10T23:59:59.999Z
2024-08-09T00:00:00.000Z,2024-08-09T23:59:59.999Z,2024/8/9,2024-08-09T00:01:00.000Z,2024-08-09T14:37:00.000Z,2781,61728.20898,61751.86444,59587.85979,60880.1122,33425553115,1.20166E+12,2024-08-09T23:59:59.999Z
2024-08-08T00:00:00.000Z,2024-08-08T23:59:59.999Z,2024/8/8,2024-08-08T23:01:00.000Z,2024-08-08T00:40:00.000Z,2781,55030.02903,62673.76398,54766.72842,61710.13756,45298472567,1.21835E+12,2024-08-08T23:59:59.999Z
2024-08-07T00:00:00.000Z,2024-08-07T23:59:59.999Z,2024/8/7,2024-08-07T10:35:00.000Z,2024-08-07T22:24:00.000Z,2781,56040.63212,57726.88105,54620.50952,55027.46069,41637562185,1.08613E+12,2024-08-07T23:59:59.999Z
2024-08-06T00:00:00.000Z,2024-08-06T23:59:59.999Z,2024/8/6,2024-08-06T18:18:00.000Z,2024-08-06T00:00:00.000Z,2781,53991.34759,57059.91862,53973.27228,56034.31659,49300484106,1.10605E+12,2024-08-06T23:59:59.999Z
2024-08-05T00:00:00.000Z,2024-08-05T23:59:59.999Z,2024/8/5,2024-08-05T00:07:00.000Z,2024-08-05T06:25:00.000Z,2781,58110.29846,58268.82741,49121.23738,53991.4578,1.08991E+11,1.06558E+12,2024-08-05T23:59:59.999Z
2024-08-04T00:00:00.000Z,2024-08-04T23:59:59.999Z,2024/8/4,2024-08-04T02:35:00.000Z,2024-08-04T17:45:00.000Z,2781,60676.09418,61062.98955,57210.80333,58116.97696,31758917219,1.14684E+12,2024-08-04T23:59:59.999Z
2024-08-03T00:00:00.000Z,2024-08-03T23:59:59.999Z,2024/8/3,2024-08-03T12:41:00.000Z,2024-08-03T21:08:00.000Z,2781,61414.80849,62148.37176,59836.52737,60680.0947,31753030589,1.19746E+12,2024-08-03T23:59:59.999Z
2024-08-02T00:00:00.000Z,2024-08-02T23:59:59.999Z,2024/8/2,2024-08-02T00:20:00.000Z,2024-08-02T22:59:00.000Z,2781,65353.49847,65523.22357,61184.8932,61415.06457,43060875727,1.21201E+12,2024-08-02T23:59:59.999Z
2024-08-01T00:00:00.000Z,2024-08-01T23:59:59.999Z,2024/8/1,2024-08-01T22:27:00.000Z,2024-08-01T17:47:00.000Z,2781,64625.84044,65593.24477,62248.93999,65357.50156,40975554494,1.28971E+12,2024-08-01T23:59:59.999Z
2024-07-31T00:00:00.000Z,2024-07-31T23:59:59.999Z,2024/7/31,2024-07-31T13:43:00.000Z,2024-07-31T20:56:00.000Z,2781,66201.27108,66810.21269,64532.0463,64619.24965,31292785994,1.27532E+12,2024-07-31T23:59:59.999Z
2024-07-30T00:00:00.000Z,2024-07-30T23:59:59.999Z,2024/7/30,2024-07-30T07:48:00.000Z,2024-07-30T20:12:00.000Z,2781,66819.05266,66987.67231,65323.19198,66201.01623,31380492109,1.30638E+12,2024-07-30T23:59:59.999Z
2024-07-29T00:00:00.000Z,2024-07-29T23:59:59.999Z,2024/7/29,2024-07-29T13:07:00.000Z,2024-07-29T17:03:00.000Z,2781,68259.05493,69987.54221,66532.59311,66819.91619,40780682628,1.31854E+12,2024-07-29T23:59:59.999Z
2024-07-28T00:00:00.000Z,2024-07-28T23:59:59.999Z,2024/7/28,2024-07-28T18:31:00.000Z,2024-07-28T05:10:00.000Z,2781,67808.65559,68301.85411,67085.82819,68255.86577,18043166945,1.34686E+12,2024-07-28T23:59:59.999Z
2024-07-27T00:00:00.000Z,2024-07-27T23:59:59.999Z,2024/7/27,2024-07-27T14:05:00.000Z,2024-07-27T20:26:00.000Z,2781,67911.81426,69398.51131,66705.21958,67813.33942,34691905492,1.338E+12,2024-07-27T23:59:59.999Z
2024-07-26T00:00:00.000Z,2024-07-26T23:59:59.999Z,2024/7/26,2024-07-26T21:50:00.000Z,2024-07-26T00:03:00.000Z,2781,65771.81042,68207.60003,65743.76943,67912.0631,30488630457,1.34001E+12,2024-07-26T23:59:59.999Z
2024-07-25T00:00:00.000Z,2024-07-25T23:59:59.999Z,2024/7/25,2024-07-25T22:09:00.000Z,2024-07-25T14:14:00.000Z,2781,65375.87348,66112.42004,63473.47328,65777.22394,38315761670,1.29775E+12,2024-07-25T23:59:59.999Z
2024-07-24T00:00:00.000Z,2024-07-24T23:59:59.999Z,2024/7/24,2024-07-24T14:35:00.000Z,2024-07-24T23:06:00.000Z,2781,65927.85808,67113.98431,65146.99498,65372.13323,27470942309,1.2899E+12,2024-07-24T23:59:59.999Z
2024-07-23T00:00:00.000Z,2024-07-23T23:59:59.999Z,2024/7/23,2024-07-23T00:19:00.000Z,2024-07-23T20:00:00.000Z,2781,67584.80435,67779.01755,65484.46208,65927.67236,35605668666,1.30076E+12,2024-07-23T23:59:59.999Z
2024-07-22T00:00:00.000Z,2024-07-22T23:59:59.999Z,2024/7/22,2024-07-22T00:52:00.000Z,2024-07-22T15:11:00.000Z,2781,68152.97613,68480.06279,66611.29987,67585.24997,42649109453,1.33342E+12,2024-07-22T23:59:59.999Z
2024-07-21T00:00:00.000Z,2024-07-21T23:59:59.999Z,2024/7/21,2024-07-21T22:05:00.000Z,2024-07-21T18:13:00.000Z,2781,67164.91192,68372.90517,65842.2988,68154.52291,26652190004,1.34459E+12,2024-07-21T23:59:59.999Z
2024-07-20T00:00:00.000Z,2024-07-20T23:59:59.999Z,2024/7/20,2024-07-20T18:54:00.000Z,2024-07-20T01:55:00.000Z,2781,66709.92562,67610.73437,66299.61837,67163.64492,19029581250,1.32506E+12,2024-07-20T23:59:59.999Z
2024-07-19T00:00:00.000Z,2024-07-19T23:59:59.999Z,2024/7/19,2024-07-19T19:37:00.000Z,2024-07-19T01:20:00.000Z,2781,63972.3255,67442.63812,63329.34203,66710.15431,37003855410,1.31605E+12,2024-07-19T23:59:59.999Z
2024-07-18T00:00:00.000Z,2024-07-18T23:59:59.999Z,2024/7/18,2024-07-18T13:13:00.000Z,2024-07-18T19:26:00.000Z,2781,64104.73768,65104.66142,63246.16444,63974.06668,27239305337,1.26205E+12,2024-07-18T23:59:59.999Z
2024-07-17T00:00:00.000Z,2024-07-17T23:59:59.999Z,2024/7/17,2024-07-17T01:20:00.000Z,2024-07-17T16:43:00.000Z,2781,65091.83071,66066.73303,63896.08719,64118.79267,32525071311,1.26488E+12,2024-07-17T23:59:59.999Z
2024-07-16T00:00:00.000Z,2024-07-16T23:59:59.999Z,2024/7/16,2024-07-16T23:31:00.000Z,2024-07-16T08:34:00.000Z,2781,64784.41884,65354.3382,62487.96711,65097.14683,41617346768,1.28414E+12,2024-07-16T23:59:59.999Z
2024-07-15T00:00:00.000Z,2024-07-15T23:59:59.999Z,2024/7/15,2024-07-15T23:59:00.000Z,2024-07-15T00:15:00.000Z,2781,60815.4579,64870.15282,60704.9292,64870.15282,38094526099,1.27964E+12,2024-07-15T23:59:59.999Z
2024-07-14T00:00:00.000Z,2024-07-14T23:59:59.999Z,2024/7/14,2024-07-14T22:00:00.000Z,2024-07-14T00:00:00.000Z,2781,59225.2504,61329.52914,59225.2504,60787.79237,22223416061,1.19876E+12,2024-07-14T23:59:59.999Z
2024-07-13T00:00:00.000Z,2024-07-13T23:59:59.999Z,2024/7/13,2024-07-13T23:19:00.000Z,2024-07-13T00:34:00.000Z,2781,57908.73854,59787.07822,57796.44245,59231.95324,17080061806,1.16807E+12,2024-07-13T23:59:59.999Z
2024-07-12T00:00:00.000Z,2024-07-12T23:59:59.999Z,2024/7/12,2024-07-12T18:51:00.000Z,2024-07-12T01:27:00.000Z,2781,57341.19493,58532.55306,56590.17449,57899.46552,25604805221,1.14179E+12,2024-07-12T23:59:59.999Z
2024-07-11T00:00:00.000Z,2024-07-11T23:59:59.999Z,2024/7/11,2024-07-11T12:34:00.000Z,2024-07-11T03:22:00.000Z,2781,57729.8908,59299.43429,57120.37751,57344.91479,28707803842,1.13084E+12,2024-07-11T23:59:59.999Z
2024-07-10T00:00:00.000Z,2024-07-10T23:59:59.999Z,2024/7/10,2024-07-10T05:09:00.000Z,2024-07-10T20:34:00.000Z,2781,58033.88449,59359.43239,57178.41252,57742.49462,26175260526,1.13867E+12,2024-07-10T23:59:59.999Z
2024-07-09T00:00:00.000Z,2024-07-09T23:59:59.999Z,2024/7/9,2024-07-09T18:46:00.000Z,2024-07-09T00:32:00.000Z,2781,56704.59694,58239.197,56316.87515,58009.22632,27849512607,1.14393E+12,2024-07-09T23:59:59.999Z
2024-07-08T00:00:00.000Z,2024-07-08T23:59:59.999Z,2024/7/8,2024-07-08T09:03:00.000Z,2024-07-08T01:23:00.000Z,2781,55849.57377,58131.3373,54321.01906,56705.09843,39766159899,1.11821E+12,2024-07-08T23:59:59.999Z
2024-07-07T00:00:00.000Z,2024-07-07T23:59:59.999Z,2024/7/7,2024-07-07T02:21:00.000Z,2024-07-07T23:51:00.000Z,2781,58239.43047,58371.12039,55793.32594,55849.11064,20553359505,1.10132E+12,2024-07-07T23:59:59.999Z
2024-07-06T00:00:00.000Z,2024-07-06T23:59:59.999Z,2024/7/6,2024-07-06T23:31:00.000Z,2024-07-06T05:03:00.000Z,2781,56659.07523,58472.54874,56038.96164,58303.53858,20610320577,1.14972E+12,2024-07-06T23:59:59.999Z
2024-07-05T00:00:00.000Z,2024-07-05T23:59:59.999Z,2024/7/5,2024-07-05T00:51:00.000Z,2024-07-05T04:20:00.000Z,2781,57022.80922,57497.15143,53717.37543,56662.37327,55417544033,1.11736E+12,2024-07-05T23:59:59.999Z
2024-07-04T00:00:00.000Z,2024-07-04T23:59:59.999Z,2024/7/4,2024-07-04T00:42:00.000Z,2024-07-04T13:45:00.000Z,2781,60147.13764,60399.67477,56777.80495,56977.70146,41149609230,1.12357E+12,2024-07-04T23:59:59.999Z
2024-07-03T00:00:00.000Z,2024-07-03T23:59:59.999Z,2024/7/3,2024-07-03T00:36:00.000Z,2024-07-03T21:03:00.000Z,2781,62034.33014,62187.70484,59419.38839,60173.92358,29756701685,1.18659E+12,2024-07-03T23:59:59.999Z
2024-07-02T00:00:00.000Z,2024-07-02T23:59:59.999Z,2024/7/2,2024-07-02T03:43:00.000Z,2024-07-02T16:10:00.000Z,2781,62844.41155,63203.35945,61752.74664,62029.01681,20151616992,1.22317E+12,2024-07-02T23:59:59.999Z
2024-07-01T00:00:00.000Z,2024-07-01T23:59:59.999Z,2024/7/1,2024-07-01T18:21:00.000Z,2024-07-01T13:51:00.000Z,2781,62673.60634,63777.22754,62495.5101,62851.98007,25468379421,1.23939E+12,2024-07-01T23:59:59.999Z
2024-06-30T00:00:00.000Z,2024-06-30T23:59:59.999Z,2024/6/30,2024-06-30T23:01:00.000Z,2024-06-30T05:23:00.000Z,2781,60888.44556,62892.8272,60632.95044,62678.29208,17333226409,1.23594E+12,2024-06-30T23:59:59.999Z
2024-06-29T00:00:00.000Z,2024-06-29T23:59:59.999Z,2024/6/29,2024-06-29T11:40:00.000Z,2024-06-29T00:04:00.000Z,2781,60319.8732,61097.62182,60300.9651,60887.38083,12652903396,1.20061E+12,2024-06-29T23:59:59.999Z
2024-06-28T00:00:00.000Z,2024-06-28T23:59:59.999Z,2024/6/28,2024-06-28T01:40:00.000Z,2024-06-28T20:00:00.000Z,2781,61612.80579,62126.09657,59985.40426,60320.13553,24952866877,1.18941E+12,2024-06-28T23:59:59.999Z
2024-06-27T00:00:00.000Z,2024-06-27T23:59:59.999Z,2024/6/27,2024-06-27T14:15:00.000Z,2024-06-27T06:48:00.000Z,2781,60811.22702,62293.862,60585.33081,61604.80176,21231745045,1.21472E+12,2024-06-27T23:59:59.999Z
2024-06-26T00:00:00.000Z,2024-06-26T23:59:59.999Z,2024/6/26,2024-06-26T02:18:00.000Z,2024-06-26T19:14:00.000Z,2781,61789.67545,62434.13651,60695.18683,60811.27845,22506003064,1.19904E+12,2024-06-26T23:59:59.999Z
2024-06-25T00:00:00.000Z,2024-06-25T23:59:59.999Z,2024/6/25,2024-06-25T19:04:00.000Z,2024-06-25T00:01:00.000Z,2781,60266.28307,62258.26133,60239.74835,61804.64117,29201215431,1.21859E+12,2024-06-25T23:59:59.999Z
2024-06-24T00:00:00.000Z,2024-06-24T23:59:59.999Z,2024/6/24,2024-06-24T01:59:00.000Z,2024-06-24T20:31:00.000Z,2781,63173.35271,63292.52716,58601.70007,60277.41466,43152133651,1.18845E+12,2024-06-24T23:59:59.999Z
2024-06-23T00:00:00.000Z,2024-06-23T23:59:59.999Z,2024/6/23,2024-06-23T01:05:00.000Z,2024-06-23T23:59:00.000Z,2781,64248.96317,64491.70322,63180.79821,63180.79821,11170471802,1.24566E+12,2024-06-23T23:59:59.999Z
2024-06-22T00:00:00.000Z,2024-06-22T23:59:59.999Z,2024/6/22,2024-06-22T00:42:00.000Z,2024-06-22T00:54:00.000Z,2781,64113.8649,64760.36035,63960.03191,64252.57875,9858198793,1.26676E+12,2024-06-22T23:59:59.999Z
2024-06-21T00:00:00.000Z,2024-06-21T23:59:59.999Z,2024/6/21,2024-06-21T02:05:00.000Z,2024-06-21T23:42:59.000Z,2781,64837.98759,65007.54637,62785.52932,64096.19819,26188171739,1.26366E+12,2024-06-21T23:59:59.999Z
2024-06-20T00:00:00.000Z,2024-06-20T23:59:59.999Z,2024/6/20,2024-06-20T11:32:00.000Z,2024-06-20T16:25:00.000Z,2781,64960.2953,66438.96388,64547.84932,64828.65581,25641109124,1.27808E+12,2024-06-20T23:59:59.999Z
2024-06-19T00:00:00.000Z,2024-06-19T23:59:59.999Z,2024/6/19,2024-06-19T04:16:00.000Z,2024-06-19T20:20:00.000Z,2781,65146.65912,65695.35418,64693.3023,64960.2953,21103423504,1.28066E+12,2024-06-19T23:59:59.999Z
2024-06-18T00:00:00.000Z,2024-06-18T23:59:59.999Z,2024/6/18,2024-06-18T00:02:00.000Z,2024-06-18T19:56:00.000Z,2781,66490.97701,66556.69942,64066.95567,65140.74459,39481285950,1.2842E+12,2024-06-18T23:59:59.999Z
2024-06-17T00:00:00.000Z,2024-06-17T23:59:59.999Z,2024/6/17,2024-06-17T18:35:00.000Z,2024-06-17T14:02:00.000Z,2781,66636.5155,67188.31747,65094.96413,66490.29418,30006354476,1.31077E+12,2024-06-17T23:59:59.999Z
2024-06-16T00:00:00.000Z,2024-06-16T23:59:59.999Z,2024/6/16,2024-06-16T22:10:00.000Z,2024-06-16T04:28:00.000Z,2781,66189.35779,66894.84124,66018.24917,66639.04654,13281140541,1.31367E+12,2024-06-16T23:59:59.999Z
2024-06-15T00:00:00.000Z,2024-06-15T23:59:59.999Z,2024/6/15,2024-06-15T15:21:00.000Z,2024-06-15T20:21:00.000Z,2781,66006.74025,66402.18735,65871.77605,66191.00047,14121265576,1.30479E+12,2024-06-15T23:59:59.999Z
2024-06-14T00:00:00.000Z,2024-06-14T23:59:59.999Z,2024/6/14,2024-06-14T13:35:00.000Z,2024-06-14T17:06:00.000Z,2781,66747.56951,67294.65105,65056.89301,66011.09373,27403884779,1.30122E+12,2024-06-14T23:59:59.999Z
2024-06-13T00:00:00.000Z,2024-06-13T23:59:59.999Z,2024/6/13,2024-06-13T00:55:00.000Z,2024-06-13T16:03:00.000Z,2781,68243.10444,68365.7836,66304.5656,66756.39709,28955204146,1.31589E+12,2024-06-13T23:59:59.999Z
2024-06-12T00:00:00.000Z,2024-06-12T23:59:59.999Z,2024/6/12,2024-06-12T14:35:00.000Z,2024-06-12T01:43:00.000Z,2781,67321.3741,69977.89055,66902.45507,68241.18408,34497940694,1.34513E+12,2024-06-12T23:59:59.999Z
2024-06-11T00:00:00.000Z,2024-06-11T23:59:59.999Z,2024/6/11,2024-06-11T00:04:00.000Z,2024-06-11T15:45:00.000Z,2781,69508.07973,69549.41673,66123.59916,67332.03046,37116136345,1.32718E+12,2024-06-11T23:59:59.999Z
2024-06-10T00:00:00.000Z,2024-06-10T23:59:59.999Z,2024/6/10,2024-06-10T15:55:00.000Z,2024-06-10T09:32:00.000Z,2781,69644.31274,70146.06833,69232.42545,69512.28028,20597699541,1.37013E+12,2024-06-10T23:59:59.999Z
2024-06-09T00:00:00.000Z,2024-06-09T23:59:59.999Z,2024/6/9,2024-06-09T19:29:00.000Z,2024-06-09T02:40:00.000Z,2781,69297.49482,69817.5223,69160.84174,69647.993,13534028500,1.37277E+12,2024-06-09T23:59:59.999Z
2024-06-08T00:00:00.000Z,2024-06-08T23:59:59.999Z,2024/6/8,2024-06-08T08:00:00.000Z,2024-06-08T13:30:00.000Z,2781,69324.17655,69533.31697,69210.74156,69305.77432,14262185861,1.366E+12,2024-06-08T23:59:59.999Z
2024-06-07T00:00:00.000Z,2024-06-07T23:59:59.999Z,2024/6/7,2024-06-07T12:17:00.000Z,2024-06-07T18:15:00.000Z,2781,70759.18448,71907.84898,68507.26094,69342.58674,36188381096,1.36669E+12,2024-06-07T23:59:59.999Z
2024-06-06T00:00:00.000Z,2024-06-06T23:59:59.999Z,2024/6/6,2024-06-06T15:29:00.000Z,2024-06-06T20:03:00.000Z,2781,71082.84043,71625.73725,70119.12303,70757.16585,25223152007,1.39455E+12,2024-06-06T23:59:59.999Z
2024-06-05T00:00:00.000Z,2024-06-05T23:59:59.999Z,2024/6/5,2024-06-05T16:15:00.000Z,2024-06-05T14:17:00.000Z,2781,70568.35029,71735.41098,70390.71269,71082.8227,32810771409,1.4009E+12,2024-06-05T23:59:59.999Z
2024-06-04T00:00:00.000Z,2024-06-04T23:59:59.999Z,2024/6/4,2024-06-04T18:26:00.000Z,2024-06-04T09:54:00.000Z,2781,68804.56722,71047.40601,68564.64322,70567.7689,33149696545,1.39074E+12,2024-06-04T23:59:59.999Z
2024-06-03T00:00:00.000Z,2024-06-03T23:59:59.999Z,2024/6/3,2024-06-03T13:50:00.000Z,2024-06-03T01:00:59.000Z,2781,67753.89541,70230.82085,66252.02692,68804.78009,32401285324,1.35596E+12,2024-06-03T23:59:59.999Z
2024-06-02T00:00:00.000Z,2024-06-02T23:59:59.999Z,2024/6/2,2024-06-02T14:35:00.000Z,2024-06-02T19:19:00.000Z,2781,67710.27089,68409.16583,67315.52631,67751.60258,17110588415,1.33523E+12,2024-06-02T23:59:59.999Z
